sample	accession	rawFile	mokapotInputFile	mokapotOutputFile	pyascoreNarrowFile	pyascoreWideFile	description
ctr_2h_R1_IMAC_1	PXD007740	ctr_2h_R1_IMAC_1.raw	ctr_2h_R1_IMAC_1.pin	PXD007740.mokapot.psms.txt	ctr_2h_R1_IMAC_1.pyascore.narrow.txt		Label-free human phosphoproteome
ctr_2h_R2_IMAC_1	PXD007740	ctr_2h_R2_IMAC_1.raw	ctr_2h_R2_IMAC_1.pin	PXD007740.mokapot.psms.txt	ctr_2h_R2_IMAC_1.pyascore.narrow.txt		Label-free human phosphoproteome
ctr_2h_R3_IMAC_1	PXD007740	ctr_2h_R3_IMAC_1.raw	ctr_2h_R3_IMAC_1.pin	PXD007740.mokapot.psms.txt	ctr_2h_R3_IMAC_1.pyascore.narrow.txt		Label-free human phosphoproteome
F20140627_TS_CST_TitrationCurve_Rep1_2mgPeptides_25ug	MSV000079068	F20140627_TS_CST_TitrationCurve_Rep1_2mgPeptides_25ug.raw	F20140627_TS_CST_TitrationCurve_Rep1_2mgPeptides_25ug.pin	MSV000079068.mokapot.psms.txt	F20140627_TS_CST_TitrationCurve_Rep1_2mgPeptides_25ug.pyascore.narrow.txt		Label-free human acetylome
F20140627_TS_CST_TitrationCurve_Rep2_2mgPeptides_25ug	MSV000079068	F20140627_TS_CST_TitrationCurve_Rep2_2mgPeptides_25ug.raw	F20140627_TS_CST_TitrationCurve_Rep2_2mgPeptides_25ug.pin	MSV000079068.mokapot.psms.txt	F20140627_TS_CST_TitrationCurve_Rep2_2mgPeptides_25ug.pyascore.narrow.txt		Label-free human acetylome
F20140627_TS_CST_TitrationCurve_Rep3_2mgPeptides_25ug	MSV000079068	F20140627_TS_CST_TitrationCurve_Rep3_2mgPeptides_25ug.raw	F20140627_TS_CST_TitrationCurve_Rep3_2mgPeptides_25ug.pin	MSV000079068.mokapot.psms.txt	F20140627_TS_CST_TitrationCurve_Rep3_2mgPeptides_25ug.pyascore.narrow.txt		Label-free human acetylome
20160718_LUMOS1_nLC13_AH_TMT10plex-SanJose-HCDMS2_1_160718220637	PXD007145	20160718_LUMOS1_nLC13_AH_TMT10plex-SanJose-HCDMS2_1_160718220637.raw	20160718_LUMOS1_nLC13_AH_TMT10plex-SanJose-HCDMS2_1_160718220637.pin	PXD007145.mokapot.psms.txt	20160718_LUMOS1_nLC13_AH_TMT10plex-SanJose-HCDMS2_1_160718220637.pyascore.narrow.txt		TMT-labeled human phosphoproteome
20160718_LUMOS1_nLC13_AH_TMT10plex-SanJose-HCDMS2_2_160719122437	PXD007145	20160718_LUMOS1_nLC13_AH_TMT10plex-SanJose-HCDMS2_2_160719122437.raw	20160718_LUMOS1_nLC13_AH_TMT10plex-SanJose-HCDMS2_2_160719122437.pin	PXD007145.mokapot.psms.txt	20160718_LUMOS1_nLC13_AH_TMT10plex-SanJose-HCDMS2_2_160719122437.pyascore.narrow.txt		TMT-labeled human phosphoproteome
20160718_LUMOS1_nLC13_AH_TMT10plex-SanJose-HCDMS2_3	PXD007145	20160718_LUMOS1_nLC13_AH_TMT10plex-SanJose-HCDMS2_3.raw	20160718_LUMOS1_nLC13_AH_TMT10plex-SanJose-HCDMS2_3.pin	PXD007145.mokapot.psms.txt	20160718_LUMOS1_nLC13_AH_TMT10plex-SanJose-HCDMS2_3.pyascore.narrow.txt		TMT-labeled human phosphoproteome
1	PXD000138	1.raw	1.pin	PXD000138-HCD.mokapot.psms.txt	1.pyascore.narrow.txt	1.pyascore.wide.txt	Synthetic peptides analyzed with HCD
2	PXD000138	2.raw	2.pin	PXD000138-HCD.mokapot.psms.txt	2.pyascore.narrow.txt	2.pyascore.wide.txt	Synthetic peptides analyzed with HCD
3	PXD000138	3.raw	3.pin	PXD000138-HCD.mokapot.psms.txt	3.pyascore.narrow.txt	3.pyascore.wide.txt	Synthetic peptides analyzed with HCD
4	PXD000138	4.raw	4.pin	PXD000138-HCD.mokapot.psms.txt	4.pyascore.narrow.txt	4.pyascore.wide.txt	Synthetic peptides analyzed with HCD
5	PXD000138	5.raw	5.pin	PXD000138-HCD.mokapot.psms.txt	5.pyascore.narrow.txt	5.pyascore.wide.txt	Synthetic peptides analyzed with HCD
6	PXD000138	6.raw	6.pin	PXD000138-HCD.mokapot.psms.txt	6.pyascore.narrow.txt	6.pyascore.wide.txt	Synthetic peptides analyzed with HCD
7	PXD000138	7.raw	7.pin	PXD000138-HCD.mokapot.psms.txt	7.pyascore.narrow.txt	7.pyascore.wide.txt	Synthetic peptides analyzed with HCD
8	PXD000138	8.raw	8.pin	PXD000138-HCD.mokapot.psms.txt	8.pyascore.narrow.txt	8.pyascore.wide.txt	Synthetic peptides analyzed with HCD
9	PXD000138	9.raw	9.pin	PXD000138-HCD.mokapot.psms.txt	9.pyascore.narrow.txt	9.pyascore.wide.txt	Synthetic peptides analyzed with HCD
10	PXD000138	10.raw	10.pin	PXD000138-HCD.mokapot.psms.txt	10.pyascore.narrow.txt	10.pyascore.wide.txt	Synthetic peptides analyzed with HCD
11	PXD000138	11.raw	11.pin	PXD000138-HCD.mokapot.psms.txt	11.pyascore.narrow.txt	11.pyascore.wide.txt	Synthetic peptides analyzed with HCD
12	PXD000138	12.raw	12.pin	PXD000138-HCD.mokapot.psms.txt	12.pyascore.narrow.txt	12.pyascore.wide.txt	Synthetic peptides analyzed with HCD
13	PXD000138	13.raw	13.pin	PXD000138-HCD.mokapot.psms.txt	13.pyascore.narrow.txt	13.pyascore.wide.txt	Synthetic peptides analyzed with HCD
14	PXD000138	14.raw	14.pin	PXD000138-HCD.mokapot.psms.txt	14.pyascore.narrow.txt	14.pyascore.wide.txt	Synthetic peptides analyzed with HCD
15	PXD000138	15.raw	15.pin	PXD000138-HCD.mokapot.psms.txt	15.pyascore.narrow.txt	15.pyascore.wide.txt	Synthetic peptides analyzed with HCD
16	PXD000138	16.raw	16.pin	PXD000138-HCD.mokapot.psms.txt	16.pyascore.narrow.txt	16.pyascore.wide.txt	Synthetic peptides analyzed with HCD
17	PXD000138	17.raw	17.pin	PXD000138-HCD.mokapot.psms.txt	17.pyascore.narrow.txt	17.pyascore.wide.txt	Synthetic peptides analyzed with HCD
18	PXD000138	18.raw	18.pin	PXD000138-HCD.mokapot.psms.txt	18.pyascore.narrow.txt	18.pyascore.wide.txt	Synthetic peptides analyzed with HCD
19	PXD000138	19.raw	19.pin	PXD000138-HCD.mokapot.psms.txt	19.pyascore.narrow.txt	19.pyascore.wide.txt	Synthetic peptides analyzed with HCD
20	PXD000138	20.raw	20.pin	PXD000138-HCD.mokapot.psms.txt	20.pyascore.narrow.txt	20.pyascore.wide.txt	Synthetic peptides analyzed with HCD
21	PXD000138	21.raw	21.pin	PXD000138-HCD.mokapot.psms.txt	21.pyascore.narrow.txt	21.pyascore.wide.txt	Synthetic peptides analyzed with HCD
22	PXD000138	22.raw	22.pin	PXD000138-HCD.mokapot.psms.txt	22.pyascore.narrow.txt	22.pyascore.wide.txt	Synthetic peptides analyzed with HCD
23	PXD000138	23.raw	23.pin	PXD000138-HCD.mokapot.psms.txt	23.pyascore.narrow.txt	23.pyascore.wide.txt	Synthetic peptides analyzed with HCD
24	PXD000138	24.raw	24.pin	PXD000138-HCD.mokapot.psms.txt	24.pyascore.narrow.txt	24.pyascore.wide.txt	Synthetic peptides analyzed with HCD
25	PXD000138	25.raw	25.pin	PXD000138-HCD.mokapot.psms.txt	25.pyascore.narrow.txt	25.pyascore.wide.txt	Synthetic peptides analyzed with HCD
26	PXD000138	26.raw	26.pin	PXD000138-HCD.mokapot.psms.txt	26.pyascore.narrow.txt	26.pyascore.wide.txt	Synthetic peptides analyzed with HCD
27	PXD000138	27.raw	27.pin	PXD000138-HCD.mokapot.psms.txt	27.pyascore.narrow.txt	27.pyascore.wide.txt	Synthetic peptides analyzed with HCD
28	PXD000138	28.raw	28.pin	PXD000138-HCD.mokapot.psms.txt	28.pyascore.narrow.txt	28.pyascore.wide.txt	Synthetic peptides analyzed with HCD
29	PXD000138	29.raw	29.pin	PXD000138-HCD.mokapot.psms.txt	29.pyascore.narrow.txt	29.pyascore.wide.txt	Synthetic peptides analyzed with HCD
30	PXD000138	30.raw	30.pin	PXD000138-HCD.mokapot.psms.txt	30.pyascore.narrow.txt	30.pyascore.wide.txt	Synthetic peptides analyzed with HCD
31	PXD000138	31.raw	31.pin	PXD000138-HCD.mokapot.psms.txt	31.pyascore.narrow.txt	31.pyascore.wide.txt	Synthetic peptides analyzed with HCD
32	PXD000138	32.raw	32.pin	PXD000138-HCD.mokapot.psms.txt	32.pyascore.narrow.txt	32.pyascore.wide.txt	Synthetic peptides analyzed with HCD
33	PXD000138	33.raw	33.pin	PXD000138-HCD.mokapot.psms.txt	33.pyascore.narrow.txt	33.pyascore.wide.txt	Synthetic peptides analyzed with HCD
34	PXD000138	34.raw	34.pin	PXD000138-HCD.mokapot.psms.txt	34.pyascore.narrow.txt	34.pyascore.wide.txt	Synthetic peptides analyzed with HCD
35	PXD000138	35.raw	35.pin	PXD000138-HCD.mokapot.psms.txt	35.pyascore.narrow.txt	35.pyascore.wide.txt	Synthetic peptides analyzed with HCD
36	PXD000138	36.raw	36.pin	PXD000138-HCD.mokapot.psms.txt	36.pyascore.narrow.txt	36.pyascore.wide.txt	Synthetic peptides analyzed with HCD
37	PXD000138	37.raw	37.pin	PXD000138-HCD.mokapot.psms.txt	37.pyascore.narrow.txt	37.pyascore.wide.txt	Synthetic peptides analyzed with HCD
38	PXD000138	38.raw	38.pin	PXD000138-HCD.mokapot.psms.txt	38.pyascore.narrow.txt	38.pyascore.wide.txt	Synthetic peptides analyzed with HCD
39	PXD000138	39.raw	39.pin	PXD000138-HCD.mokapot.psms.txt	39.pyascore.narrow.txt	39.pyascore.wide.txt	Synthetic peptides analyzed with HCD
40	PXD000138	40.raw	40.pin	PXD000138-HCD.mokapot.psms.txt	40.pyascore.narrow.txt	40.pyascore.wide.txt	Synthetic peptides analyzed with HCD
41	PXD000138	41.raw	41.pin	PXD000138-HCD.mokapot.psms.txt	41.pyascore.narrow.txt	41.pyascore.wide.txt	Synthetic peptides analyzed with HCD
42	PXD000138	42.raw	42.pin	PXD000138-HCD.mokapot.psms.txt	42.pyascore.narrow.txt	42.pyascore.wide.txt	Synthetic peptides analyzed with HCD
43	PXD000138	43.raw	43.pin	PXD000138-HCD.mokapot.psms.txt	43.pyascore.narrow.txt	43.pyascore.wide.txt	Synthetic peptides analyzed with HCD
44	PXD000138	44.raw	44.pin	PXD000138-HCD.mokapot.psms.txt	44.pyascore.narrow.txt	44.pyascore.wide.txt	Synthetic peptides analyzed with HCD
45	PXD000138	45.raw	45.pin	PXD000138-HCD.mokapot.psms.txt	45.pyascore.narrow.txt	45.pyascore.wide.txt	Synthetic peptides analyzed with HCD
46	PXD000138	46.raw	46.pin	PXD000138-HCD.mokapot.psms.txt	46.pyascore.narrow.txt	46.pyascore.wide.txt	Synthetic peptides analyzed with HCD
47	PXD000138	47.raw	47.pin	PXD000138-HCD.mokapot.psms.txt	47.pyascore.narrow.txt	47.pyascore.wide.txt	Synthetic peptides analyzed with HCD
48	PXD000138	48.raw	48.pin	PXD000138-HCD.mokapot.psms.txt	48.pyascore.narrow.txt	48.pyascore.wide.txt	Synthetic peptides analyzed with HCD
49	PXD000138	49.raw	49.pin	PXD000138-HCD.mokapot.psms.txt	49.pyascore.narrow.txt	49.pyascore.wide.txt	Synthetic peptides analyzed with HCD
50	PXD000138	50.raw	50.pin	PXD000138-HCD.mokapot.psms.txt	50.pyascore.narrow.txt	50.pyascore.wide.txt	Synthetic peptides analyzed with HCD
51	PXD000138	51.raw	51.pin	PXD000138-HCD.mokapot.psms.txt	51.pyascore.narrow.txt	51.pyascore.wide.txt	Synthetic peptides analyzed with HCD
52	PXD000138	52.raw	52.pin	PXD000138-HCD.mokapot.psms.txt	52.pyascore.narrow.txt	52.pyascore.wide.txt	Synthetic peptides analyzed with HCD
53	PXD000138	53.raw	53.pin	PXD000138-HCD.mokapot.psms.txt	53.pyascore.narrow.txt	53.pyascore.wide.txt	Synthetic peptides analyzed with HCD
54	PXD000138	54.raw	54.pin	PXD000138-HCD.mokapot.psms.txt	54.pyascore.narrow.txt	54.pyascore.wide.txt	Synthetic peptides analyzed with HCD
55	PXD000138	55.raw	55.pin	PXD000138-HCD.mokapot.psms.txt	55.pyascore.narrow.txt	55.pyascore.wide.txt	Synthetic peptides analyzed with HCD
56	PXD000138	56.raw	56.pin	PXD000138-HCD.mokapot.psms.txt	56.pyascore.narrow.txt	56.pyascore.wide.txt	Synthetic peptides analyzed with HCD
57	PXD000138	57.raw	57.pin	PXD000138-HCD.mokapot.psms.txt	57.pyascore.narrow.txt	57.pyascore.wide.txt	Synthetic peptides analyzed with HCD
58	PXD000138	58.raw	58.pin	PXD000138-HCD.mokapot.psms.txt	58.pyascore.narrow.txt	58.pyascore.wide.txt	Synthetic peptides analyzed with HCD
59	PXD000138	59.raw	59.pin	PXD000138-HCD.mokapot.psms.txt	59.pyascore.narrow.txt	59.pyascore.wide.txt	Synthetic peptides analyzed with HCD
60	PXD000138	60.raw	60.pin	PXD000138-HCD.mokapot.psms.txt	60.pyascore.narrow.txt	60.pyascore.wide.txt	Synthetic peptides analyzed with HCD
61	PXD000138	61.raw	61.pin	PXD000138-HCD.mokapot.psms.txt	61.pyascore.narrow.txt	61.pyascore.wide.txt	Synthetic peptides analyzed with HCD
62	PXD000138	62.raw	62.pin	PXD000138-HCD.mokapot.psms.txt	62.pyascore.narrow.txt	62.pyascore.wide.txt	Synthetic peptides analyzed with HCD
63	PXD000138	63.raw	63.pin	PXD000138-HCD.mokapot.psms.txt	63.pyascore.narrow.txt	63.pyascore.wide.txt	Synthetic peptides analyzed with HCD
64	PXD000138	64.raw	64.pin	PXD000138-HCD.mokapot.psms.txt	64.pyascore.narrow.txt	64.pyascore.wide.txt	Synthetic peptides analyzed with HCD
65	PXD000138	65.raw	65.pin	PXD000138-HCD.mokapot.psms.txt	65.pyascore.narrow.txt	65.pyascore.wide.txt	Synthetic peptides analyzed with HCD
66	PXD000138	66.raw	66.pin	PXD000138-HCD.mokapot.psms.txt	66.pyascore.narrow.txt	66.pyascore.wide.txt	Synthetic peptides analyzed with HCD
67	PXD000138	67.raw	67.pin	PXD000138-HCD.mokapot.psms.txt	67.pyascore.narrow.txt	67.pyascore.wide.txt	Synthetic peptides analyzed with HCD
68	PXD000138	68.raw	68.pin	PXD000138-HCD.mokapot.psms.txt	68.pyascore.narrow.txt	68.pyascore.wide.txt	Synthetic peptides analyzed with HCD
69	PXD000138	69.raw	69.pin	PXD000138-HCD.mokapot.psms.txt	69.pyascore.narrow.txt	69.pyascore.wide.txt	Synthetic peptides analyzed with HCD
70	PXD000138	70.raw	70.pin	PXD000138-HCD.mokapot.psms.txt	70.pyascore.narrow.txt	70.pyascore.wide.txt	Synthetic peptides analyzed with HCD
71	PXD000138	71.raw	71.pin	PXD000138-HCD.mokapot.psms.txt	71.pyascore.narrow.txt	71.pyascore.wide.txt	Synthetic peptides analyzed with HCD
72	PXD000138	72.raw	72.pin	PXD000138-HCD.mokapot.psms.txt	72.pyascore.narrow.txt	72.pyascore.wide.txt	Synthetic peptides analyzed with HCD
73	PXD000138	73.raw	73.pin	PXD000138-HCD.mokapot.psms.txt	73.pyascore.narrow.txt	73.pyascore.wide.txt	Synthetic peptides analyzed with HCD
74	PXD000138	74.raw	74.pin	PXD000138-HCD.mokapot.psms.txt	74.pyascore.narrow.txt	74.pyascore.wide.txt	Synthetic peptides analyzed with HCD
75	PXD000138	75.raw	75.pin	PXD000138-HCD.mokapot.psms.txt	75.pyascore.narrow.txt	75.pyascore.wide.txt	Synthetic peptides analyzed with HCD
76	PXD000138	76.raw	76.pin	PXD000138-HCD.mokapot.psms.txt	76.pyascore.narrow.txt	76.pyascore.wide.txt	Synthetic peptides analyzed with HCD
77	PXD000138	77.raw	77.pin	PXD000138-HCD.mokapot.psms.txt	77.pyascore.narrow.txt	77.pyascore.wide.txt	Synthetic peptides analyzed with HCD
78	PXD000138	78.raw	78.pin	PXD000138-HCD.mokapot.psms.txt	78.pyascore.narrow.txt	78.pyascore.wide.txt	Synthetic peptides analyzed with HCD
79	PXD000138	79.raw	79.pin	PXD000138-HCD.mokapot.psms.txt	79.pyascore.narrow.txt	79.pyascore.wide.txt	Synthetic peptides analyzed with HCD
80	PXD000138	80.raw	80.pin	PXD000138-HCD.mokapot.psms.txt	80.pyascore.narrow.txt	80.pyascore.wide.txt	Synthetic peptides analyzed with HCD
81	PXD000138	81.raw	81.pin	PXD000138-HCD.mokapot.psms.txt	81.pyascore.narrow.txt	81.pyascore.wide.txt	Synthetic peptides analyzed with HCD
82	PXD000138	82.raw	82.pin	PXD000138-HCD.mokapot.psms.txt	82.pyascore.narrow.txt	82.pyascore.wide.txt	Synthetic peptides analyzed with HCD
83	PXD000138	83.raw	83.pin	PXD000138-HCD.mokapot.psms.txt	83.pyascore.narrow.txt	83.pyascore.wide.txt	Synthetic peptides analyzed with HCD
84	PXD000138	84.raw	84.pin	PXD000138-HCD.mokapot.psms.txt	84.pyascore.narrow.txt	84.pyascore.wide.txt	Synthetic peptides analyzed with HCD
85	PXD000138	85.raw	85.pin	PXD000138-HCD.mokapot.psms.txt	85.pyascore.narrow.txt	85.pyascore.wide.txt	Synthetic peptides analyzed with HCD
86	PXD000138	86.raw	86.pin	PXD000138-HCD.mokapot.psms.txt	86.pyascore.narrow.txt	86.pyascore.wide.txt	Synthetic peptides analyzed with HCD
87	PXD000138	87.raw	87.pin	PXD000138-HCD.mokapot.psms.txt	87.pyascore.narrow.txt	87.pyascore.wide.txt	Synthetic peptides analyzed with HCD
88	PXD000138	88.raw	88.pin	PXD000138-HCD.mokapot.psms.txt	88.pyascore.narrow.txt	88.pyascore.wide.txt	Synthetic peptides analyzed with HCD
89	PXD000138	89.raw	89.pin	PXD000138-HCD.mokapot.psms.txt	89.pyascore.narrow.txt	89.pyascore.wide.txt	Synthetic peptides analyzed with HCD
90	PXD000138	90.raw	90.pin	PXD000138-HCD.mokapot.psms.txt	90.pyascore.narrow.txt	90.pyascore.wide.txt	Synthetic peptides analyzed with HCD
91	PXD000138	91.raw	91.pin	PXD000138-HCD.mokapot.psms.txt	91.pyascore.narrow.txt	91.pyascore.wide.txt	Synthetic peptides analyzed with HCD
92	PXD000138	92.raw	92.pin	PXD000138-HCD.mokapot.psms.txt	92.pyascore.narrow.txt	92.pyascore.wide.txt	Synthetic peptides analyzed with HCD
93	PXD000138	93.raw	93.pin	PXD000138-HCD.mokapot.psms.txt	93.pyascore.narrow.txt	93.pyascore.wide.txt	Synthetic peptides analyzed with HCD
94	PXD000138	94.raw	94.pin	PXD000138-HCD.mokapot.psms.txt	94.pyascore.narrow.txt	94.pyascore.wide.txt	Synthetic peptides analyzed with HCD
95	PXD000138	95.raw	95.pin	PXD000138-HCD.mokapot.psms.txt	95.pyascore.narrow.txt	95.pyascore.wide.txt	Synthetic peptides analyzed with HCD
96	PXD000138	96.raw	96.pin	PXD000138-HCD.mokapot.psms.txt	96.pyascore.narrow.txt	96.pyascore.wide.txt	Synthetic peptides analyzed with HCD
OR4_120313_LIM_Pep38_run01_FTETD_UPLC	PXD000138	OR4_120313_LIM_Pep38_run01_FTETD_UPLC.raw	OR4_120313_LIM_Pep38_run01_FTETD_UPLC.pin	PXD000138-ETD.mokapot.psms.txt	OR4_120313_LIM_Pep38_run01_FTETD_UPLC.pyascore.narrow.txt	OR4_120313_LIM_Pep38_run01_FTETD_UPLC.pyascore.wide.txt	Synthetic peptides analyzed with ETD
OR4_120313_LIM_Pep38_run02_FTETD_UPLC	PXD000138	OR4_120313_LIM_Pep38_run02_FTETD_UPLC.raw	OR4_120313_LIM_Pep38_run02_FTETD_UPLC.pin	PXD000138-ETD.mokapot.psms.txt	OR4_120313_LIM_Pep38_run02_FTETD_UPLC.pyascore.narrow.txt	OR4_120313_LIM_Pep38_run02_FTETD_UPLC.pyascore.wide.txt	Synthetic peptides analyzed with ETD
OR4_120313_LIM_Pep38_run03_FTETD_UPLC	PXD000138	OR4_120313_LIM_Pep38_run03_FTETD_UPLC.raw	OR4_120313_LIM_Pep38_run03_FTETD_UPLC.pin	PXD000138-ETD.mokapot.psms.txt	OR4_120313_LIM_Pep38_run03_FTETD_UPLC.pyascore.narrow.txt	OR4_120313_LIM_Pep38_run03_FTETD_UPLC.pyascore.wide.txt	Synthetic peptides analyzed with ETD
OR4_120313_LIM_Pep38_run04_FTETD_UPLC	PXD000138	OR4_120313_LIM_Pep38_run04_FTETD_UPLC.raw	OR4_120313_LIM_Pep38_run04_FTETD_UPLC.pin	PXD000138-ETD.mokapot.psms.txt	OR4_120313_LIM_Pep38_run04_FTETD_UPLC.pyascore.narrow.txt	OR4_120313_LIM_Pep38_run04_FTETD_UPLC.pyascore.wide.txt	Synthetic peptides analyzed with ETD
OR4_120313_LIM_Pep38_run05_FTETD_UPLC	PXD000138	OR4_120313_LIM_Pep38_run05_FTETD_UPLC.raw	OR4_120313_LIM_Pep38_run05_FTETD_UPLC.pin	PXD000138-ETD.mokapot.psms.txt	OR4_120313_LIM_Pep38_run05_FTETD_UPLC.pyascore.narrow.txt	OR4_120313_LIM_Pep38_run05_FTETD_UPLC.pyascore.wide.txt	Synthetic peptides analyzed with ETD
OR4_120313_LIM_Pep38_run06_FTETD_UPLC	PXD000138	OR4_120313_LIM_Pep38_run06_FTETD_UPLC.raw	OR4_120313_LIM_Pep38_run06_FTETD_UPLC.pin	PXD000138-ETD.mokapot.psms.txt	OR4_120313_LIM_Pep38_run06_FTETD_UPLC.pyascore.narrow.txt	OR4_120313_LIM_Pep38_run06_FTETD_UPLC.pyascore.wide.txt	Synthetic peptides analyzed with ETD
OR4_120313_LIM_Pep38_run07_FTETD_UPLC	PXD000138	OR4_120313_LIM_Pep38_run07_FTETD_UPLC.raw	OR4_120313_LIM_Pep38_run07_FTETD_UPLC.pin	PXD000138-ETD.mokapot.psms.txt	OR4_120313_LIM_Pep38_run07_FTETD_UPLC.pyascore.narrow.txt	OR4_120313_LIM_Pep38_run07_FTETD_UPLC.pyascore.wide.txt	Synthetic peptides analyzed with ETD
OR4_120313_LIM_Pep38_run08_FTETD_UPLC	PXD000138	OR4_120313_LIM_Pep38_run08_FTETD_UPLC.raw	OR4_120313_LIM_Pep38_run08_FTETD_UPLC.pin	PXD000138-ETD.mokapot.psms.txt	OR4_120313_LIM_Pep38_run08_FTETD_UPLC.pyascore.narrow.txt	OR4_120313_LIM_Pep38_run08_FTETD_UPLC.pyascore.wide.txt	Synthetic peptides analyzed with ETD
OR4_120313_LIM_Pep38_run09_FTETD_UPLC	PXD000138	OR4_120313_LIM_Pep38_run09_FTETD_UPLC.raw	OR4_120313_LIM_Pep38_run09_FTETD_UPLC.pin	PXD000138-ETD.mokapot.psms.txt	OR4_120313_LIM_Pep38_run09_FTETD_UPLC.pyascore.narrow.txt	OR4_120313_LIM_Pep38_run09_FTETD_UPLC.pyascore.wide.txt	Synthetic peptides analyzed with ETD
OR4_120313_LIM_Pep38_run10_FTETD_UPLC	PXD000138	OR4_120313_LIM_Pep38_run10_FTETD_UPLC.raw	OR4_120313_LIM_Pep38_run10_FTETD_UPLC.pin	PXD000138-ETD.mokapot.psms.txt	OR4_120313_LIM_Pep38_run10_FTETD_UPLC.pyascore.narrow.txt	OR4_120313_LIM_Pep38_run10_FTETD_UPLC.pyascore.wide.txt	Synthetic peptides analyzed with ETD
OR4_120313_LIM_Pep38_run11_FTETD_UPLC	PXD000138	OR4_120313_LIM_Pep38_run11_FTETD_UPLC.raw	OR4_120313_LIM_Pep38_run11_FTETD_UPLC.pin	PXD000138-ETD.mokapot.psms.txt	OR4_120313_LIM_Pep38_run11_FTETD_UPLC.pyascore.narrow.txt	OR4_120313_LIM_Pep38_run11_FTETD_UPLC.pyascore.wide.txt	Synthetic peptides analyzed with ETD
OR4_120313_LIM_Pep38_run12_FTETD_UPLC	PXD000138	OR4_120313_LIM_Pep38_run12_FTETD_UPLC.raw	OR4_120313_LIM_Pep38_run12_FTETD_UPLC.pin	PXD000138-ETD.mokapot.psms.txt	OR4_120313_LIM_Pep38_run12_FTETD_UPLC.pyascore.narrow.txt	OR4_120313_LIM_Pep38_run12_FTETD_UPLC.pyascore.wide.txt	Synthetic peptides analyzed with ETD
OR4_120313_LIM_Pep38_run13_FTETD_UPLC	PXD000138	OR4_120313_LIM_Pep38_run13_FTETD_UPLC.raw	OR4_120313_LIM_Pep38_run13_FTETD_UPLC.pin	PXD000138-ETD.mokapot.psms.txt	OR4_120313_LIM_Pep38_run13_FTETD_UPLC.pyascore.narrow.txt	OR4_120313_LIM_Pep38_run13_FTETD_UPLC.pyascore.wide.txt	Synthetic peptides analyzed with ETD
OR4_120313_LIM_Pep38_run14_FTETD_UPLC	PXD000138	OR4_120313_LIM_Pep38_run14_FTETD_UPLC.raw	OR4_120313_LIM_Pep38_run14_FTETD_UPLC.pin	PXD000138-ETD.mokapot.psms.txt	OR4_120313_LIM_Pep38_run14_FTETD_UPLC.pyascore.narrow.txt	OR4_120313_LIM_Pep38_run14_FTETD_UPLC.pyascore.wide.txt	Synthetic peptides analyzed with ETD
OR4_120313_LIM_Pep38_run16_FTETD_UPLC	PXD000138	OR4_120313_LIM_Pep38_run16_FTETD_UPLC.raw	OR4_120313_LIM_Pep38_run16_FTETD_UPLC.pin	PXD000138-ETD.mokapot.psms.txt	OR4_120313_LIM_Pep38_run16_FTETD_UPLC.pyascore.narrow.txt	OR4_120313_LIM_Pep38_run16_FTETD_UPLC.pyascore.wide.txt	Synthetic peptides analyzed with ETD
OR4_120313_LIM_Pep38_run17_FTETD_UPLC	PXD000138	OR4_120313_LIM_Pep38_run17_FTETD_UPLC.raw	OR4_120313_LIM_Pep38_run17_FTETD_UPLC.pin	PXD000138-ETD.mokapot.psms.txt	OR4_120313_LIM_Pep38_run17_FTETD_UPLC.pyascore.narrow.txt	OR4_120313_LIM_Pep38_run17_FTETD_UPLC.pyascore.wide.txt	Synthetic peptides analyzed with ETD
OR4_120313_LIM_Pep38_run21_FTETD_UPLC	PXD000138	OR4_120313_LIM_Pep38_run21_FTETD_UPLC.raw	OR4_120313_LIM_Pep38_run21_FTETD_UPLC.pin	PXD000138-ETD.mokapot.psms.txt	OR4_120313_LIM_Pep38_run21_FTETD_UPLC.pyascore.narrow.txt	OR4_120313_LIM_Pep38_run21_FTETD_UPLC.pyascore.wide.txt	Synthetic peptides analyzed with ETD
OR4_120313_LIM_Pep38_run22_FTETD_UPLC	PXD000138	OR4_120313_LIM_Pep38_run22_FTETD_UPLC.raw	OR4_120313_LIM_Pep38_run22_FTETD_UPLC.pin	PXD000138-ETD.mokapot.psms.txt	OR4_120313_LIM_Pep38_run22_FTETD_UPLC.pyascore.narrow.txt	OR4_120313_LIM_Pep38_run22_FTETD_UPLC.pyascore.wide.txt	Synthetic peptides analyzed with ETD
OR4_120313_LIM_Pep38_run23_FTETD_UPLC	PXD000138	OR4_120313_LIM_Pep38_run23_FTETD_UPLC.raw	OR4_120313_LIM_Pep38_run23_FTETD_UPLC.pin	PXD000138-ETD.mokapot.psms.txt	OR4_120313_LIM_Pep38_run23_FTETD_UPLC.pyascore.narrow.txt	OR4_120313_LIM_Pep38_run23_FTETD_UPLC.pyascore.wide.txt	Synthetic peptides analyzed with ETD
OR4_120313_LIM_Pep38_run24_FTETD_UPLC	PXD000138	OR4_120313_LIM_Pep38_run24_FTETD_UPLC.raw	OR4_120313_LIM_Pep38_run24_FTETD_UPLC.pin	PXD000138-ETD.mokapot.psms.txt	OR4_120313_LIM_Pep38_run24_FTETD_UPLC.pyascore.narrow.txt	OR4_120313_LIM_Pep38_run24_FTETD_UPLC.pyascore.wide.txt	Synthetic peptides analyzed with ETD
OR4_120313_LIM_Pep38_run25_FTETD_UPLC	PXD000138	OR4_120313_LIM_Pep38_run25_FTETD_UPLC.raw	OR4_120313_LIM_Pep38_run25_FTETD_UPLC.pin	PXD000138-ETD.mokapot.psms.txt	OR4_120313_LIM_Pep38_run25_FTETD_UPLC.pyascore.narrow.txt	OR4_120313_LIM_Pep38_run25_FTETD_UPLC.pyascore.wide.txt	Synthetic peptides analyzed with ETD
OR4_120313_LIM_Pep38_run26_FTETD_UPLC	PXD000138	OR4_120313_LIM_Pep38_run26_FTETD_UPLC.raw	OR4_120313_LIM_Pep38_run26_FTETD_UPLC.pin	PXD000138-ETD.mokapot.psms.txt	OR4_120313_LIM_Pep38_run26_FTETD_UPLC.pyascore.narrow.txt	OR4_120313_LIM_Pep38_run26_FTETD_UPLC.pyascore.wide.txt	Synthetic peptides analyzed with ETD
OR4_120313_LIM_Pep38_run27_FTETD_UPLC	PXD000138	OR4_120313_LIM_Pep38_run27_FTETD_UPLC.raw	OR4_120313_LIM_Pep38_run27_FTETD_UPLC.pin	PXD000138-ETD.mokapot.psms.txt	OR4_120313_LIM_Pep38_run27_FTETD_UPLC.pyascore.narrow.txt	OR4_120313_LIM_Pep38_run27_FTETD_UPLC.pyascore.wide.txt	Synthetic peptides analyzed with ETD
OR4_120313_LIM_Pep38_run28_FTETD_UPLC	PXD000138	OR4_120313_LIM_Pep38_run28_FTETD_UPLC.raw	OR4_120313_LIM_Pep38_run28_FTETD_UPLC.pin	PXD000138-ETD.mokapot.psms.txt	OR4_120313_LIM_Pep38_run28_FTETD_UPLC.pyascore.narrow.txt	OR4_120313_LIM_Pep38_run28_FTETD_UPLC.pyascore.wide.txt	Synthetic peptides analyzed with ETD
OR4_120313_LIM_Pep38_run29_FTETD_UPLC	PXD000138	OR4_120313_LIM_Pep38_run29_FTETD_UPLC.raw	OR4_120313_LIM_Pep38_run29_FTETD_UPLC.pin	PXD000138-ETD.mokapot.psms.txt	OR4_120313_LIM_Pep38_run29_FTETD_UPLC.pyascore.narrow.txt	OR4_120313_LIM_Pep38_run29_FTETD_UPLC.pyascore.wide.txt	Synthetic peptides analyzed with ETD
OR4_120313_LIM_Pep38_run30_FTETD_UPLC	PXD000138	OR4_120313_LIM_Pep38_run30_FTETD_UPLC.raw	OR4_120313_LIM_Pep38_run30_FTETD_UPLC.pin	PXD000138-ETD.mokapot.psms.txt	OR4_120313_LIM_Pep38_run30_FTETD_UPLC.pyascore.narrow.txt	OR4_120313_LIM_Pep38_run30_FTETD_UPLC.pyascore.wide.txt	Synthetic peptides analyzed with ETD
OR4_120313_LIM_Pep38_run31_FTETD_UPLC	PXD000138	OR4_120313_LIM_Pep38_run31_FTETD_UPLC.raw	OR4_120313_LIM_Pep38_run31_FTETD_UPLC.pin	PXD000138-ETD.mokapot.psms.txt	OR4_120313_LIM_Pep38_run31_FTETD_UPLC.pyascore.narrow.txt	OR4_120313_LIM_Pep38_run31_FTETD_UPLC.pyascore.wide.txt	Synthetic peptides analyzed with ETD
OR4_120313_LIM_Pep38_run32_FTETD_UPLC	PXD000138	OR4_120313_LIM_Pep38_run32_FTETD_UPLC.raw	OR4_120313_LIM_Pep38_run32_FTETD_UPLC.pin	PXD000138-ETD.mokapot.psms.txt	OR4_120313_LIM_Pep38_run32_FTETD_UPLC.pyascore.narrow.txt	OR4_120313_LIM_Pep38_run32_FTETD_UPLC.pyascore.wide.txt	Synthetic peptides analyzed with ETD
OR4_120313_LIM_Pep38_run33_FTETD_UPLC	PXD000138	OR4_120313_LIM_Pep38_run33_FTETD_UPLC.raw	OR4_120313_LIM_Pep38_run33_FTETD_UPLC.pin	PXD000138-ETD.mokapot.psms.txt	OR4_120313_LIM_Pep38_run33_FTETD_UPLC.pyascore.narrow.txt	OR4_120313_LIM_Pep38_run33_FTETD_UPLC.pyascore.wide.txt	Synthetic peptides analyzed with ETD
OR4_120313_LIM_Pep38_run51_FTETD_UPLC	PXD000138	OR4_120313_LIM_Pep38_run51_FTETD_UPLC.raw	OR4_120313_LIM_Pep38_run51_FTETD_UPLC.pin	PXD000138-ETD.mokapot.psms.txt	OR4_120313_LIM_Pep38_run51_FTETD_UPLC.pyascore.narrow.txt	OR4_120313_LIM_Pep38_run51_FTETD_UPLC.pyascore.wide.txt	Synthetic peptides analyzed with ETD
OR4_120313_LIM_Pep38_run86_FTETD_UPLC	PXD000138	OR4_120313_LIM_Pep38_run86_FTETD_UPLC.raw	OR4_120313_LIM_Pep38_run86_FTETD_UPLC.pin	PXD000138-ETD.mokapot.psms.txt	OR4_120313_LIM_Pep38_run86_FTETD_UPLC.pyascore.narrow.txt	OR4_120313_LIM_Pep38_run86_FTETD_UPLC.pyascore.wide.txt	Synthetic peptides analyzed with ETD
OR4_120321_LIM_Pep38_run34_FTETD_UPLC	PXD000138	OR4_120321_LIM_Pep38_run34_FTETD_UPLC.raw	OR4_120321_LIM_Pep38_run34_FTETD_UPLC.pin	PXD000138-ETD.mokapot.psms.txt	OR4_120321_LIM_Pep38_run34_FTETD_UPLC.pyascore.narrow.txt	OR4_120321_LIM_Pep38_run34_FTETD_UPLC.pyascore.wide.txt	Synthetic peptides analyzed with ETD
OR4_120321_LIM_Pep38_run35_FTETD_UPLC	PXD000138	OR4_120321_LIM_Pep38_run35_FTETD_UPLC.raw	OR4_120321_LIM_Pep38_run35_FTETD_UPLC.pin	PXD000138-ETD.mokapot.psms.txt	OR4_120321_LIM_Pep38_run35_FTETD_UPLC.pyascore.narrow.txt	OR4_120321_LIM_Pep38_run35_FTETD_UPLC.pyascore.wide.txt	Synthetic peptides analyzed with ETD
OR4_120321_LIM_Pep38_run36_FTETD_UPLC	PXD000138	OR4_120321_LIM_Pep38_run36_FTETD_UPLC.raw	OR4_120321_LIM_Pep38_run36_FTETD_UPLC.pin	PXD000138-ETD.mokapot.psms.txt	OR4_120321_LIM_Pep38_run36_FTETD_UPLC.pyascore.narrow.txt	OR4_120321_LIM_Pep38_run36_FTETD_UPLC.pyascore.wide.txt	Synthetic peptides analyzed with ETD
OR4_120321_LIM_Pep38_run37_FTETD_UPLC	PXD000138	OR4_120321_LIM_Pep38_run37_FTETD_UPLC.raw	OR4_120321_LIM_Pep38_run37_FTETD_UPLC.pin	PXD000138-ETD.mokapot.psms.txt	OR4_120321_LIM_Pep38_run37_FTETD_UPLC.pyascore.narrow.txt	OR4_120321_LIM_Pep38_run37_FTETD_UPLC.pyascore.wide.txt	Synthetic peptides analyzed with ETD
OR4_120321_LIM_Pep38_run38_FTETD_UPLC	PXD000138	OR4_120321_LIM_Pep38_run38_FTETD_UPLC.raw	OR4_120321_LIM_Pep38_run38_FTETD_UPLC.pin	PXD000138-ETD.mokapot.psms.txt	OR4_120321_LIM_Pep38_run38_FTETD_UPLC.pyascore.narrow.txt	OR4_120321_LIM_Pep38_run38_FTETD_UPLC.pyascore.wide.txt	Synthetic peptides analyzed with ETD
OR4_120321_LIM_Pep38_run39_FTETD_UPLC	PXD000138	OR4_120321_LIM_Pep38_run39_FTETD_UPLC.raw	OR4_120321_LIM_Pep38_run39_FTETD_UPLC.pin	PXD000138-ETD.mokapot.psms.txt	OR4_120321_LIM_Pep38_run39_FTETD_UPLC.pyascore.narrow.txt	OR4_120321_LIM_Pep38_run39_FTETD_UPLC.pyascore.wide.txt	Synthetic peptides analyzed with ETD
OR4_120321_LIM_Pep38_run40_FTETD_UPLC	PXD000138	OR4_120321_LIM_Pep38_run40_FTETD_UPLC.raw	OR4_120321_LIM_Pep38_run40_FTETD_UPLC.pin	PXD000138-ETD.mokapot.psms.txt	OR4_120321_LIM_Pep38_run40_FTETD_UPLC.pyascore.narrow.txt	OR4_120321_LIM_Pep38_run40_FTETD_UPLC.pyascore.wide.txt	Synthetic peptides analyzed with ETD
OR4_120321_LIM_Pep38_run41_FTETD_UPLC	PXD000138	OR4_120321_LIM_Pep38_run41_FTETD_UPLC.raw	OR4_120321_LIM_Pep38_run41_FTETD_UPLC.pin	PXD000138-ETD.mokapot.psms.txt	OR4_120321_LIM_Pep38_run41_FTETD_UPLC.pyascore.narrow.txt	OR4_120321_LIM_Pep38_run41_FTETD_UPLC.pyascore.wide.txt	Synthetic peptides analyzed with ETD
OR4_120321_LIM_Pep38_run42_FTETD_UPLC	PXD000138	OR4_120321_LIM_Pep38_run42_FTETD_UPLC.raw	OR4_120321_LIM_Pep38_run42_FTETD_UPLC.pin	PXD000138-ETD.mokapot.psms.txt	OR4_120321_LIM_Pep38_run42_FTETD_UPLC.pyascore.narrow.txt	OR4_120321_LIM_Pep38_run42_FTETD_UPLC.pyascore.wide.txt	Synthetic peptides analyzed with ETD
OR4_120321_LIM_Pep38_run43_FTETD_UPLC	PXD000138	OR4_120321_LIM_Pep38_run43_FTETD_UPLC.raw	OR4_120321_LIM_Pep38_run43_FTETD_UPLC.pin	PXD000138-ETD.mokapot.psms.txt	OR4_120321_LIM_Pep38_run43_FTETD_UPLC.pyascore.narrow.txt	OR4_120321_LIM_Pep38_run43_FTETD_UPLC.pyascore.wide.txt	Synthetic peptides analyzed with ETD
OR4_120321_LIM_Pep38_run44_FTETD_UPLC	PXD000138	OR4_120321_LIM_Pep38_run44_FTETD_UPLC.raw	OR4_120321_LIM_Pep38_run44_FTETD_UPLC.pin	PXD000138-ETD.mokapot.psms.txt	OR4_120321_LIM_Pep38_run44_FTETD_UPLC.pyascore.narrow.txt	OR4_120321_LIM_Pep38_run44_FTETD_UPLC.pyascore.wide.txt	Synthetic peptides analyzed with ETD
OR4_120321_LIM_Pep38_run45_FTETD_UPLC	PXD000138	OR4_120321_LIM_Pep38_run45_FTETD_UPLC.raw	OR4_120321_LIM_Pep38_run45_FTETD_UPLC.pin	PXD000138-ETD.mokapot.psms.txt	OR4_120321_LIM_Pep38_run45_FTETD_UPLC.pyascore.narrow.txt	OR4_120321_LIM_Pep38_run45_FTETD_UPLC.pyascore.wide.txt	Synthetic peptides analyzed with ETD
OR4_120321_LIM_Pep38_run46_FTETD_UPLC	PXD000138	OR4_120321_LIM_Pep38_run46_FTETD_UPLC.raw	OR4_120321_LIM_Pep38_run46_FTETD_UPLC.pin	PXD000138-ETD.mokapot.psms.txt	OR4_120321_LIM_Pep38_run46_FTETD_UPLC.pyascore.narrow.txt	OR4_120321_LIM_Pep38_run46_FTETD_UPLC.pyascore.wide.txt	Synthetic peptides analyzed with ETD
OR4_120321_LIM_Pep38_run47_FTETD_UPLC	PXD000138	OR4_120321_LIM_Pep38_run47_FTETD_UPLC.raw	OR4_120321_LIM_Pep38_run47_FTETD_UPLC.pin	PXD000138-ETD.mokapot.psms.txt	OR4_120321_LIM_Pep38_run47_FTETD_UPLC.pyascore.narrow.txt	OR4_120321_LIM_Pep38_run47_FTETD_UPLC.pyascore.wide.txt	Synthetic peptides analyzed with ETD
OR4_120321_LIM_Pep38_run48_FTETD_UPLC	PXD000138	OR4_120321_LIM_Pep38_run48_FTETD_UPLC.raw	OR4_120321_LIM_Pep38_run48_FTETD_UPLC.pin	PXD000138-ETD.mokapot.psms.txt	OR4_120321_LIM_Pep38_run48_FTETD_UPLC.pyascore.narrow.txt	OR4_120321_LIM_Pep38_run48_FTETD_UPLC.pyascore.wide.txt	Synthetic peptides analyzed with ETD
OR4_120321_LIM_Pep38_run50_FTETD_UPLC	PXD000138	OR4_120321_LIM_Pep38_run50_FTETD_UPLC.raw	OR4_120321_LIM_Pep38_run50_FTETD_UPLC.pin	PXD000138-ETD.mokapot.psms.txt	OR4_120321_LIM_Pep38_run50_FTETD_UPLC.pyascore.narrow.txt	OR4_120321_LIM_Pep38_run50_FTETD_UPLC.pyascore.wide.txt	Synthetic peptides analyzed with ETD
OR4_120321_LIM_Pep38_run52_FTETD_UPLC	PXD000138	OR4_120321_LIM_Pep38_run52_FTETD_UPLC.raw	OR4_120321_LIM_Pep38_run52_FTETD_UPLC.pin	PXD000138-ETD.mokapot.psms.txt	OR4_120321_LIM_Pep38_run52_FTETD_UPLC.pyascore.narrow.txt	OR4_120321_LIM_Pep38_run52_FTETD_UPLC.pyascore.wide.txt	Synthetic peptides analyzed with ETD
OR4_120321_LIM_Pep38_run53_FTETD_UPLC	PXD000138	OR4_120321_LIM_Pep38_run53_FTETD_UPLC.raw	OR4_120321_LIM_Pep38_run53_FTETD_UPLC.pin	PXD000138-ETD.mokapot.psms.txt	OR4_120321_LIM_Pep38_run53_FTETD_UPLC.pyascore.narrow.txt	OR4_120321_LIM_Pep38_run53_FTETD_UPLC.pyascore.wide.txt	Synthetic peptides analyzed with ETD
OR4_120321_LIM_Pep38_run54_FTETD_UPLC	PXD000138	OR4_120321_LIM_Pep38_run54_FTETD_UPLC.raw	OR4_120321_LIM_Pep38_run54_FTETD_UPLC.pin	PXD000138-ETD.mokapot.psms.txt	OR4_120321_LIM_Pep38_run54_FTETD_UPLC.pyascore.narrow.txt	OR4_120321_LIM_Pep38_run54_FTETD_UPLC.pyascore.wide.txt	Synthetic peptides analyzed with ETD
OR4_120321_LIM_Pep38_run55_FTETD_UPLC	PXD000138	OR4_120321_LIM_Pep38_run55_FTETD_UPLC.raw	OR4_120321_LIM_Pep38_run55_FTETD_UPLC.pin	PXD000138-ETD.mokapot.psms.txt	OR4_120321_LIM_Pep38_run55_FTETD_UPLC.pyascore.narrow.txt	OR4_120321_LIM_Pep38_run55_FTETD_UPLC.pyascore.wide.txt	Synthetic peptides analyzed with ETD
OR4_120321_LIM_Pep38_run56_FTETD_UPLC	PXD000138	OR4_120321_LIM_Pep38_run56_FTETD_UPLC.raw	OR4_120321_LIM_Pep38_run56_FTETD_UPLC.pin	PXD000138-ETD.mokapot.psms.txt	OR4_120321_LIM_Pep38_run56_FTETD_UPLC.pyascore.narrow.txt	OR4_120321_LIM_Pep38_run56_FTETD_UPLC.pyascore.wide.txt	Synthetic peptides analyzed with ETD
OR4_120321_LIM_Pep38_run57_FTETD_UPLC	PXD000138	OR4_120321_LIM_Pep38_run57_FTETD_UPLC.raw	OR4_120321_LIM_Pep38_run57_FTETD_UPLC.pin	PXD000138-ETD.mokapot.psms.txt	OR4_120321_LIM_Pep38_run57_FTETD_UPLC.pyascore.narrow.txt	OR4_120321_LIM_Pep38_run57_FTETD_UPLC.pyascore.wide.txt	Synthetic peptides analyzed with ETD
OR4_120321_LIM_Pep38_run59_FTETD_UPLC	PXD000138	OR4_120321_LIM_Pep38_run59_FTETD_UPLC.raw	OR4_120321_LIM_Pep38_run59_FTETD_UPLC.pin	PXD000138-ETD.mokapot.psms.txt	OR4_120321_LIM_Pep38_run59_FTETD_UPLC.pyascore.narrow.txt	OR4_120321_LIM_Pep38_run59_FTETD_UPLC.pyascore.wide.txt	Synthetic peptides analyzed with ETD
OR4_120321_LIM_Pep38_run60_FTETD_UPLC	PXD000138	OR4_120321_LIM_Pep38_run60_FTETD_UPLC.raw	OR4_120321_LIM_Pep38_run60_FTETD_UPLC.pin	PXD000138-ETD.mokapot.psms.txt	OR4_120321_LIM_Pep38_run60_FTETD_UPLC.pyascore.narrow.txt	OR4_120321_LIM_Pep38_run60_FTETD_UPLC.pyascore.wide.txt	Synthetic peptides analyzed with ETD
OR4_120321_LIM_Pep38_run61_FTETD_UPLC	PXD000138	OR4_120321_LIM_Pep38_run61_FTETD_UPLC.raw	OR4_120321_LIM_Pep38_run61_FTETD_UPLC.pin	PXD000138-ETD.mokapot.psms.txt	OR4_120321_LIM_Pep38_run61_FTETD_UPLC.pyascore.narrow.txt	OR4_120321_LIM_Pep38_run61_FTETD_UPLC.pyascore.wide.txt	Synthetic peptides analyzed with ETD
OR4_120321_LIM_Pep38_run62_FTETD_UPLC	PXD000138	OR4_120321_LIM_Pep38_run62_FTETD_UPLC.raw	OR4_120321_LIM_Pep38_run62_FTETD_UPLC.pin	PXD000138-ETD.mokapot.psms.txt	OR4_120321_LIM_Pep38_run62_FTETD_UPLC.pyascore.narrow.txt	OR4_120321_LIM_Pep38_run62_FTETD_UPLC.pyascore.wide.txt	Synthetic peptides analyzed with ETD
OR4_120321_LIM_Pep38_run63_FTETD_UPLC	PXD000138	OR4_120321_LIM_Pep38_run63_FTETD_UPLC.raw	OR4_120321_LIM_Pep38_run63_FTETD_UPLC.pin	PXD000138-ETD.mokapot.psms.txt	OR4_120321_LIM_Pep38_run63_FTETD_UPLC.pyascore.narrow.txt	OR4_120321_LIM_Pep38_run63_FTETD_UPLC.pyascore.wide.txt	Synthetic peptides analyzed with ETD
OR4_120321_LIM_Pep38_run64_FTETD_UPLC	PXD000138	OR4_120321_LIM_Pep38_run64_FTETD_UPLC.raw	OR4_120321_LIM_Pep38_run64_FTETD_UPLC.pin	PXD000138-ETD.mokapot.psms.txt	OR4_120321_LIM_Pep38_run64_FTETD_UPLC.pyascore.narrow.txt	OR4_120321_LIM_Pep38_run64_FTETD_UPLC.pyascore.wide.txt	Synthetic peptides analyzed with ETD
OR4_120321_LIM_Pep38_run65_FTETD_UPLC	PXD000138	OR4_120321_LIM_Pep38_run65_FTETD_UPLC.raw	OR4_120321_LIM_Pep38_run65_FTETD_UPLC.pin	PXD000138-ETD.mokapot.psms.txt	OR4_120321_LIM_Pep38_run65_FTETD_UPLC.pyascore.narrow.txt	OR4_120321_LIM_Pep38_run65_FTETD_UPLC.pyascore.wide.txt	Synthetic peptides analyzed with ETD
OR4_120321_LIM_Pep38_run66_FTETD_UPLC	PXD000138	OR4_120321_LIM_Pep38_run66_FTETD_UPLC.raw	OR4_120321_LIM_Pep38_run66_FTETD_UPLC.pin	PXD000138-ETD.mokapot.psms.txt	OR4_120321_LIM_Pep38_run66_FTETD_UPLC.pyascore.narrow.txt	OR4_120321_LIM_Pep38_run66_FTETD_UPLC.pyascore.wide.txt	Synthetic peptides analyzed with ETD
OR4_120321_LIM_Pep38_run67_FTETD_UPLC	PXD000138	OR4_120321_LIM_Pep38_run67_FTETD_UPLC.raw	OR4_120321_LIM_Pep38_run67_FTETD_UPLC.pin	PXD000138-ETD.mokapot.psms.txt	OR4_120321_LIM_Pep38_run67_FTETD_UPLC.pyascore.narrow.txt	OR4_120321_LIM_Pep38_run67_FTETD_UPLC.pyascore.wide.txt	Synthetic peptides analyzed with ETD
OR4_120321_LIM_Pep38_run68_FTETD_UPLC	PXD000138	OR4_120321_LIM_Pep38_run68_FTETD_UPLC.raw	OR4_120321_LIM_Pep38_run68_FTETD_UPLC.pin	PXD000138-ETD.mokapot.psms.txt	OR4_120321_LIM_Pep38_run68_FTETD_UPLC.pyascore.narrow.txt	OR4_120321_LIM_Pep38_run68_FTETD_UPLC.pyascore.wide.txt	Synthetic peptides analyzed with ETD
OR4_120321_LIM_Pep38_run69_FTETD_UPLC	PXD000138	OR4_120321_LIM_Pep38_run69_FTETD_UPLC.raw	OR4_120321_LIM_Pep38_run69_FTETD_UPLC.pin	PXD000138-ETD.mokapot.psms.txt	OR4_120321_LIM_Pep38_run69_FTETD_UPLC.pyascore.narrow.txt	OR4_120321_LIM_Pep38_run69_FTETD_UPLC.pyascore.wide.txt	Synthetic peptides analyzed with ETD
OR4_120321_LIM_Pep38_run70_FTETD_UPLC	PXD000138	OR4_120321_LIM_Pep38_run70_FTETD_UPLC.raw	OR4_120321_LIM_Pep38_run70_FTETD_UPLC.pin	PXD000138-ETD.mokapot.psms.txt	OR4_120321_LIM_Pep38_run70_FTETD_UPLC.pyascore.narrow.txt	OR4_120321_LIM_Pep38_run70_FTETD_UPLC.pyascore.wide.txt	Synthetic peptides analyzed with ETD
OR4_120321_LIM_Pep38_run71_FTETD_UPLC	PXD000138	OR4_120321_LIM_Pep38_run71_FTETD_UPLC.raw	OR4_120321_LIM_Pep38_run71_FTETD_UPLC.pin	PXD000138-ETD.mokapot.psms.txt	OR4_120321_LIM_Pep38_run71_FTETD_UPLC.pyascore.narrow.txt	OR4_120321_LIM_Pep38_run71_FTETD_UPLC.pyascore.wide.txt	Synthetic peptides analyzed with ETD
OR4_120321_LIM_Pep38_run72_FTETD_UPLC	PXD000138	OR4_120321_LIM_Pep38_run72_FTETD_UPLC.raw	OR4_120321_LIM_Pep38_run72_FTETD_UPLC.pin	PXD000138-ETD.mokapot.psms.txt	OR4_120321_LIM_Pep38_run72_FTETD_UPLC.pyascore.narrow.txt	OR4_120321_LIM_Pep38_run72_FTETD_UPLC.pyascore.wide.txt	Synthetic peptides analyzed with ETD
OR4_120321_LIM_Pep38_run73_FTETD_UPLC	PXD000138	OR4_120321_LIM_Pep38_run73_FTETD_UPLC.raw	OR4_120321_LIM_Pep38_run73_FTETD_UPLC.pin	PXD000138-ETD.mokapot.psms.txt	OR4_120321_LIM_Pep38_run73_FTETD_UPLC.pyascore.narrow.txt	OR4_120321_LIM_Pep38_run73_FTETD_UPLC.pyascore.wide.txt	Synthetic peptides analyzed with ETD
OR4_120321_LIM_Pep38_run74_FTETD_UPLC	PXD000138	OR4_120321_LIM_Pep38_run74_FTETD_UPLC.raw	OR4_120321_LIM_Pep38_run74_FTETD_UPLC.pin	PXD000138-ETD.mokapot.psms.txt	OR4_120321_LIM_Pep38_run74_FTETD_UPLC.pyascore.narrow.txt	OR4_120321_LIM_Pep38_run74_FTETD_UPLC.pyascore.wide.txt	Synthetic peptides analyzed with ETD
OR4_120321_LIM_Pep38_run75_FTETD_UPLC	PXD000138	OR4_120321_LIM_Pep38_run75_FTETD_UPLC.raw	OR4_120321_LIM_Pep38_run75_FTETD_UPLC.pin	PXD000138-ETD.mokapot.psms.txt	OR4_120321_LIM_Pep38_run75_FTETD_UPLC.pyascore.narrow.txt	OR4_120321_LIM_Pep38_run75_FTETD_UPLC.pyascore.wide.txt	Synthetic peptides analyzed with ETD
OR4_120321_LIM_Pep38_run76_FTETD_UPLC	PXD000138	OR4_120321_LIM_Pep38_run76_FTETD_UPLC.raw	OR4_120321_LIM_Pep38_run76_FTETD_UPLC.pin	PXD000138-ETD.mokapot.psms.txt	OR4_120321_LIM_Pep38_run76_FTETD_UPLC.pyascore.narrow.txt	OR4_120321_LIM_Pep38_run76_FTETD_UPLC.pyascore.wide.txt	Synthetic peptides analyzed with ETD
OR4_120321_LIM_Pep38_run77_FTETD_UPLC	PXD000138	OR4_120321_LIM_Pep38_run77_FTETD_UPLC.raw	OR4_120321_LIM_Pep38_run77_FTETD_UPLC.pin	PXD000138-ETD.mokapot.psms.txt	OR4_120321_LIM_Pep38_run77_FTETD_UPLC.pyascore.narrow.txt	OR4_120321_LIM_Pep38_run77_FTETD_UPLC.pyascore.wide.txt	Synthetic peptides analyzed with ETD
OR4_120321_LIM_Pep38_run78_FTETD_UPLC	PXD000138	OR4_120321_LIM_Pep38_run78_FTETD_UPLC.raw	OR4_120321_LIM_Pep38_run78_FTETD_UPLC.pin	PXD000138-ETD.mokapot.psms.txt	OR4_120321_LIM_Pep38_run78_FTETD_UPLC.pyascore.narrow.txt	OR4_120321_LIM_Pep38_run78_FTETD_UPLC.pyascore.wide.txt	Synthetic peptides analyzed with ETD
OR4_120321_LIM_Pep38_run79_FTETD_UPLC	PXD000138	OR4_120321_LIM_Pep38_run79_FTETD_UPLC.raw	OR4_120321_LIM_Pep38_run79_FTETD_UPLC.pin	PXD000138-ETD.mokapot.psms.txt	OR4_120321_LIM_Pep38_run79_FTETD_UPLC.pyascore.narrow.txt	OR4_120321_LIM_Pep38_run79_FTETD_UPLC.pyascore.wide.txt	Synthetic peptides analyzed with ETD
OR4_120321_LIM_Pep38_run80_FTETD_UPLC	PXD000138	OR4_120321_LIM_Pep38_run80_FTETD_UPLC.raw	OR4_120321_LIM_Pep38_run80_FTETD_UPLC.pin	PXD000138-ETD.mokapot.psms.txt	OR4_120321_LIM_Pep38_run80_FTETD_UPLC.pyascore.narrow.txt	OR4_120321_LIM_Pep38_run80_FTETD_UPLC.pyascore.wide.txt	Synthetic peptides analyzed with ETD
OR4_120330_LIM_Pep38_run58_FTETD_UPLC	PXD000138	OR4_120330_LIM_Pep38_run58_FTETD_UPLC.raw	OR4_120330_LIM_Pep38_run58_FTETD_UPLC.pin	PXD000138-ETD.mokapot.psms.txt	OR4_120330_LIM_Pep38_run58_FTETD_UPLC.pyascore.narrow.txt	OR4_120330_LIM_Pep38_run58_FTETD_UPLC.pyascore.wide.txt	Synthetic peptides analyzed with ETD
OR4_120330_LIM_Pep38_run81_FTETD_UPLC	PXD000138	OR4_120330_LIM_Pep38_run81_FTETD_UPLC.raw	OR4_120330_LIM_Pep38_run81_FTETD_UPLC.pin	PXD000138-ETD.mokapot.psms.txt	OR4_120330_LIM_Pep38_run81_FTETD_UPLC.pyascore.narrow.txt	OR4_120330_LIM_Pep38_run81_FTETD_UPLC.pyascore.wide.txt	Synthetic peptides analyzed with ETD
OR4_120330_LIM_Pep38_run82_FTETD_UPLC	PXD000138	OR4_120330_LIM_Pep38_run82_FTETD_UPLC.raw	OR4_120330_LIM_Pep38_run82_FTETD_UPLC.pin	PXD000138-ETD.mokapot.psms.txt	OR4_120330_LIM_Pep38_run82_FTETD_UPLC.pyascore.narrow.txt	OR4_120330_LIM_Pep38_run82_FTETD_UPLC.pyascore.wide.txt	Synthetic peptides analyzed with ETD
OR4_120330_LIM_Pep38_run83_FTETD_UPLC	PXD000138	OR4_120330_LIM_Pep38_run83_FTETD_UPLC.raw	OR4_120330_LIM_Pep38_run83_FTETD_UPLC.pin	PXD000138-ETD.mokapot.psms.txt	OR4_120330_LIM_Pep38_run83_FTETD_UPLC.pyascore.narrow.txt	OR4_120330_LIM_Pep38_run83_FTETD_UPLC.pyascore.wide.txt	Synthetic peptides analyzed with ETD
OR4_120330_LIM_Pep38_run84_FTETD_UPLC	PXD000138	OR4_120330_LIM_Pep38_run84_FTETD_UPLC.raw	OR4_120330_LIM_Pep38_run84_FTETD_UPLC.pin	PXD000138-ETD.mokapot.psms.txt	OR4_120330_LIM_Pep38_run84_FTETD_UPLC.pyascore.narrow.txt	OR4_120330_LIM_Pep38_run84_FTETD_UPLC.pyascore.wide.txt	Synthetic peptides analyzed with ETD
OR4_120330_LIM_Pep38_run85_FTETD_UPLC	PXD000138	OR4_120330_LIM_Pep38_run85_FTETD_UPLC.raw	OR4_120330_LIM_Pep38_run85_FTETD_UPLC.pin	PXD000138-ETD.mokapot.psms.txt	OR4_120330_LIM_Pep38_run85_FTETD_UPLC.pyascore.narrow.txt	OR4_120330_LIM_Pep38_run85_FTETD_UPLC.pyascore.wide.txt	Synthetic peptides analyzed with ETD
OR4_120330_LIM_Pep38_run87_FTETD_UPLC	PXD000138	OR4_120330_LIM_Pep38_run87_FTETD_UPLC.raw	OR4_120330_LIM_Pep38_run87_FTETD_UPLC.pin	PXD000138-ETD.mokapot.psms.txt	OR4_120330_LIM_Pep38_run87_FTETD_UPLC.pyascore.narrow.txt	OR4_120330_LIM_Pep38_run87_FTETD_UPLC.pyascore.wide.txt	Synthetic peptides analyzed with ETD
OR4_120330_LIM_Pep38_run88_FTETD_UPLC	PXD000138	OR4_120330_LIM_Pep38_run88_FTETD_UPLC.raw	OR4_120330_LIM_Pep38_run88_FTETD_UPLC.pin	PXD000138-ETD.mokapot.psms.txt	OR4_120330_LIM_Pep38_run88_FTETD_UPLC.pyascore.narrow.txt	OR4_120330_LIM_Pep38_run88_FTETD_UPLC.pyascore.wide.txt	Synthetic peptides analyzed with ETD
OR4_120330_LIM_Pep38_run89_FTETD_UPLC	PXD000138	OR4_120330_LIM_Pep38_run89_FTETD_UPLC.raw	OR4_120330_LIM_Pep38_run89_FTETD_UPLC.pin	PXD000138-ETD.mokapot.psms.txt	OR4_120330_LIM_Pep38_run89_FTETD_UPLC.pyascore.narrow.txt	OR4_120330_LIM_Pep38_run89_FTETD_UPLC.pyascore.wide.txt	Synthetic peptides analyzed with ETD
OR4_120330_LIM_Pep38_run90_FTETD_UPLC	PXD000138	OR4_120330_LIM_Pep38_run90_FTETD_UPLC.raw	OR4_120330_LIM_Pep38_run90_FTETD_UPLC.pin	PXD000138-ETD.mokapot.psms.txt	OR4_120330_LIM_Pep38_run90_FTETD_UPLC.pyascore.narrow.txt	OR4_120330_LIM_Pep38_run90_FTETD_UPLC.pyascore.wide.txt	Synthetic peptides analyzed with ETD
OR4_120330_LIM_Pep38_run91_FTETD_UPLC	PXD000138	OR4_120330_LIM_Pep38_run91_FTETD_UPLC.raw	OR4_120330_LIM_Pep38_run91_FTETD_UPLC.pin	PXD000138-ETD.mokapot.psms.txt	OR4_120330_LIM_Pep38_run91_FTETD_UPLC.pyascore.narrow.txt	OR4_120330_LIM_Pep38_run91_FTETD_UPLC.pyascore.wide.txt	Synthetic peptides analyzed with ETD
OR4_120330_LIM_Pep38_run92_FTETD_UPLC	PXD000138	OR4_120330_LIM_Pep38_run92_FTETD_UPLC.raw	OR4_120330_LIM_Pep38_run92_FTETD_UPLC.pin	PXD000138-ETD.mokapot.psms.txt	OR4_120330_LIM_Pep38_run92_FTETD_UPLC.pyascore.narrow.txt	OR4_120330_LIM_Pep38_run92_FTETD_UPLC.pyascore.wide.txt	Synthetic peptides analyzed with ETD
OR4_120330_LIM_Pep38_run93_FTETD_UPLC	PXD000138	OR4_120330_LIM_Pep38_run93_FTETD_UPLC.raw	OR4_120330_LIM_Pep38_run93_FTETD_UPLC.pin	PXD000138-ETD.mokapot.psms.txt	OR4_120330_LIM_Pep38_run93_FTETD_UPLC.pyascore.narrow.txt	OR4_120330_LIM_Pep38_run93_FTETD_UPLC.pyascore.wide.txt	Synthetic peptides analyzed with ETD
OR4_120330_LIM_Pep38_run94_FTETD_UPLC	PXD000138	OR4_120330_LIM_Pep38_run94_FTETD_UPLC.raw	OR4_120330_LIM_Pep38_run94_FTETD_UPLC.pin	PXD000138-ETD.mokapot.psms.txt	OR4_120330_LIM_Pep38_run94_FTETD_UPLC.pyascore.narrow.txt	OR4_120330_LIM_Pep38_run94_FTETD_UPLC.pyascore.wide.txt	Synthetic peptides analyzed with ETD
OR4_120330_LIM_Pep38_run95_FTETD_UPLC	PXD000138	OR4_120330_LIM_Pep38_run95_FTETD_UPLC.raw	OR4_120330_LIM_Pep38_run95_FTETD_UPLC.pin	PXD000138-ETD.mokapot.psms.txt	OR4_120330_LIM_Pep38_run95_FTETD_UPLC.pyascore.narrow.txt	OR4_120330_LIM_Pep38_run95_FTETD_UPLC.pyascore.wide.txt	Synthetic peptides analyzed with ETD
lib01_direct	PXD000759	lib01_direct.raw	lib01_direct.pin	PXD000759.mokapot.psms.txt	lib01_direct.pyascore.narrow.txt	lib01_direct.pyascore.wide.txt	Synthetic peptides analyzed with CID
lib02_direct	PXD000759	lib02_direct.raw	lib02_direct.pin	PXD000759.mokapot.psms.txt	lib02_direct.pyascore.narrow.txt	lib02_direct.pyascore.wide.txt	Synthetic peptides analyzed with CID
lib03_direct	PXD000759	lib03_direct.raw	lib03_direct.pin	PXD000759.mokapot.psms.txt	lib03_direct.pyascore.narrow.txt	lib03_direct.pyascore.wide.txt	Synthetic peptides analyzed with CID
lib04_direct	PXD000759	lib04_direct.raw	lib04_direct.pin	PXD000759.mokapot.psms.txt	lib04_direct.pyascore.narrow.txt	lib04_direct.pyascore.wide.txt	Synthetic peptides analyzed with CID
lib05_direct	PXD000759	lib05_direct.raw	lib05_direct.pin	PXD000759.mokapot.psms.txt	lib05_direct.pyascore.narrow.txt	lib05_direct.pyascore.wide.txt	Synthetic peptides analyzed with CID
lib06_direct	PXD000759	lib06_direct.raw	lib06_direct.pin	PXD000759.mokapot.psms.txt	lib06_direct.pyascore.narrow.txt	lib06_direct.pyascore.wide.txt	Synthetic peptides analyzed with CID
lib07_direct	PXD000759	lib07_direct.raw	lib07_direct.pin	PXD000759.mokapot.psms.txt	lib07_direct.pyascore.narrow.txt	lib07_direct.pyascore.wide.txt	Synthetic peptides analyzed with CID
lib08_direct	PXD000759	lib08_direct.raw	lib08_direct.pin	PXD000759.mokapot.psms.txt	lib08_direct.pyascore.narrow.txt	lib08_direct.pyascore.wide.txt	Synthetic peptides analyzed with CID
lib09_direct	PXD000759	lib09_direct.raw	lib09_direct.pin	PXD000759.mokapot.psms.txt	lib09_direct.pyascore.narrow.txt	lib09_direct.pyascore.wide.txt	Synthetic peptides analyzed with CID
lib10_direct	PXD000759	lib10_direct.raw	lib10_direct.pin	PXD000759.mokapot.psms.txt	lib10_direct.pyascore.narrow.txt	lib10_direct.pyascore.wide.txt	Synthetic peptides analyzed with CID
lib11_direct	PXD000759	lib11_direct.raw	lib11_direct.pin	PXD000759.mokapot.psms.txt	lib11_direct.pyascore.narrow.txt	lib11_direct.pyascore.wide.txt	Synthetic peptides analyzed with CID
lib12_direct	PXD000759	lib12_direct.raw	lib12_direct.pin	PXD000759.mokapot.psms.txt	lib12_direct.pyascore.narrow.txt	lib12_direct.pyascore.wide.txt	Synthetic peptides analyzed with CID
lib13_direct	PXD000759	lib13_direct.raw	lib13_direct.pin	PXD000759.mokapot.psms.txt	lib13_direct.pyascore.narrow.txt	lib13_direct.pyascore.wide.txt	Synthetic peptides analyzed with CID
lib14_direct	PXD000759	lib14_direct.raw	lib14_direct.pin	PXD000759.mokapot.psms.txt	lib14_direct.pyascore.narrow.txt	lib14_direct.pyascore.wide.txt	Synthetic peptides analyzed with CID
lib15_direct	PXD000759	lib15_direct.raw	lib15_direct.pin	PXD000759.mokapot.psms.txt	lib15_direct.pyascore.narrow.txt	lib15_direct.pyascore.wide.txt	Synthetic peptides analyzed with CID
lib16_direct	PXD000759	lib16_direct.raw	lib16_direct.pin	PXD000759.mokapot.psms.txt	lib16_direct.pyascore.narrow.txt	lib16_direct.pyascore.wide.txt	Synthetic peptides analyzed with CID
lib17_direct	PXD000759	lib17_direct.raw	lib17_direct.pin	PXD000759.mokapot.psms.txt	lib17_direct.pyascore.narrow.txt	lib17_direct.pyascore.wide.txt	Synthetic peptides analyzed with CID
lib18_direct	PXD000759	lib18_direct.raw	lib18_direct.pin	PXD000759.mokapot.psms.txt	lib18_direct.pyascore.narrow.txt	lib18_direct.pyascore.wide.txt	Synthetic peptides analyzed with CID
lib19_direct	PXD000759	lib19_direct.raw	lib19_direct.pin	PXD000759.mokapot.psms.txt	lib19_direct.pyascore.narrow.txt	lib19_direct.pyascore.wide.txt	Synthetic peptides analyzed with CID
lib20_direct	PXD000759	lib20_direct.raw	lib20_direct.pin	PXD000759.mokapot.psms.txt	lib20_direct.pyascore.narrow.txt	lib20_direct.pyascore.wide.txt	Synthetic peptides analyzed with CID
lib21_direct	PXD000759	lib21_direct.raw	lib21_direct.pin	PXD000759.mokapot.psms.txt	lib21_direct.pyascore.narrow.txt	lib21_direct.pyascore.wide.txt	Synthetic peptides analyzed with CID
lib22_direct	PXD000759	lib22_direct.raw	lib22_direct.pin	PXD000759.mokapot.psms.txt	lib22_direct.pyascore.narrow.txt	lib22_direct.pyascore.wide.txt	Synthetic peptides analyzed with CID
lib23_direct	PXD000759	lib23_direct.raw	lib23_direct.pin	PXD000759.mokapot.psms.txt	lib23_direct.pyascore.narrow.txt	lib23_direct.pyascore.wide.txt	Synthetic peptides analyzed with CID
lib24_direct	PXD000759	lib24_direct.raw	lib24_direct.pin	PXD000759.mokapot.psms.txt	lib24_direct.pyascore.narrow.txt	lib24_direct.pyascore.wide.txt	Synthetic peptides analyzed with CID
lib25_direct	PXD000759	lib25_direct.raw	lib25_direct.pin	PXD000759.mokapot.psms.txt	lib25_direct.pyascore.narrow.txt	lib25_direct.pyascore.wide.txt	Synthetic peptides analyzed with CID
lib26_direct	PXD000759	lib26_direct.raw	lib26_direct.pin	PXD000759.mokapot.psms.txt	lib26_direct.pyascore.narrow.txt	lib26_direct.pyascore.wide.txt	Synthetic peptides analyzed with CID
lib27_direct	PXD000759	lib27_direct.raw	lib27_direct.pin	PXD000759.mokapot.psms.txt	lib27_direct.pyascore.narrow.txt	lib27_direct.pyascore.wide.txt	Synthetic peptides analyzed with CID
lib28_direct	PXD000759	lib28_direct.raw	lib28_direct.pin	PXD000759.mokapot.psms.txt	lib28_direct.pyascore.narrow.txt	lib28_direct.pyascore.wide.txt	Synthetic peptides analyzed with CID
lib29_direct	PXD000759	lib29_direct.raw	lib29_direct.pin	PXD000759.mokapot.psms.txt	lib29_direct.pyascore.narrow.txt	lib29_direct.pyascore.wide.txt	Synthetic peptides analyzed with CID
lib30_direct	PXD000759	lib30_direct.raw	lib30_direct.pin	PXD000759.mokapot.psms.txt	lib30_direct.pyascore.narrow.txt	lib30_direct.pyascore.wide.txt	Synthetic peptides analyzed with CID
lib31_direct	PXD000759	lib31_direct.raw	lib31_direct.pin	PXD000759.mokapot.psms.txt	lib31_direct.pyascore.narrow.txt	lib31_direct.pyascore.wide.txt	Synthetic peptides analyzed with CID
lib32_direct	PXD000759	lib32_direct.raw	lib32_direct.pin	PXD000759.mokapot.psms.txt	lib32_direct.pyascore.narrow.txt	lib32_direct.pyascore.wide.txt	Synthetic peptides analyzed with CID
lib33_direct	PXD000759	lib33_direct.raw	lib33_direct.pin	PXD000759.mokapot.psms.txt	lib33_direct.pyascore.narrow.txt	lib33_direct.pyascore.wide.txt	Synthetic peptides analyzed with CID
lib34_direct	PXD000759	lib34_direct.raw	lib34_direct.pin	PXD000759.mokapot.psms.txt	lib34_direct.pyascore.narrow.txt	lib34_direct.pyascore.wide.txt	Synthetic peptides analyzed with CID
lib35_direct	PXD000759	lib35_direct.raw	lib35_direct.pin	PXD000759.mokapot.psms.txt	lib35_direct.pyascore.narrow.txt	lib35_direct.pyascore.wide.txt	Synthetic peptides analyzed with CID
lib36_direct	PXD000759	lib36_direct.raw	lib36_direct.pin	PXD000759.mokapot.psms.txt	lib36_direct.pyascore.narrow.txt	lib36_direct.pyascore.wide.txt	Synthetic peptides analyzed with CID
lib37_direct	PXD000759	lib37_direct.raw	lib37_direct.pin	PXD000759.mokapot.psms.txt	lib37_direct.pyascore.narrow.txt	lib37_direct.pyascore.wide.txt	Synthetic peptides analyzed with CID
lib38_direct	PXD000759	lib38_direct.raw	lib38_direct.pin	PXD000759.mokapot.psms.txt	lib38_direct.pyascore.narrow.txt	lib38_direct.pyascore.wide.txt	Synthetic peptides analyzed with CID
lib39_direct	PXD000759	lib39_direct.raw	lib39_direct.pin	PXD000759.mokapot.psms.txt	lib39_direct.pyascore.narrow.txt	lib39_direct.pyascore.wide.txt	Synthetic peptides analyzed with CID
lib40_direct	PXD000759	lib40_direct.raw	lib40_direct.pin	PXD000759.mokapot.psms.txt	lib40_direct.pyascore.narrow.txt	lib40_direct.pyascore.wide.txt	Synthetic peptides analyzed with CID
lib41_direct	PXD000759	lib41_direct.raw	lib41_direct.pin	PXD000759.mokapot.psms.txt	lib41_direct.pyascore.narrow.txt	lib41_direct.pyascore.wide.txt	Synthetic peptides analyzed with CID
lib42_direct	PXD000759	lib42_direct.raw	lib42_direct.pin	PXD000759.mokapot.psms.txt	lib42_direct.pyascore.narrow.txt	lib42_direct.pyascore.wide.txt	Synthetic peptides analyzed with CID
lib43_direct	PXD000759	lib43_direct.raw	lib43_direct.pin	PXD000759.mokapot.psms.txt	lib43_direct.pyascore.narrow.txt	lib43_direct.pyascore.wide.txt	Synthetic peptides analyzed with CID
lib44_direct	PXD000759	lib44_direct.raw	lib44_direct.pin	PXD000759.mokapot.psms.txt	lib44_direct.pyascore.narrow.txt	lib44_direct.pyascore.wide.txt	Synthetic peptides analyzed with CID
lib45_direct	PXD000759	lib45_direct.raw	lib45_direct.pin	PXD000759.mokapot.psms.txt	lib45_direct.pyascore.narrow.txt	lib45_direct.pyascore.wide.txt	Synthetic peptides analyzed with CID
lib46_direct	PXD000759	lib46_direct.raw	lib46_direct.pin	PXD000759.mokapot.psms.txt	lib46_direct.pyascore.narrow.txt	lib46_direct.pyascore.wide.txt	Synthetic peptides analyzed with CID
lib47_direct	PXD000759	lib47_direct.raw	lib47_direct.pin	PXD000759.mokapot.psms.txt	lib47_direct.pyascore.narrow.txt	lib47_direct.pyascore.wide.txt	Synthetic peptides analyzed with CID
lib48_direct	PXD000759	lib48_direct.raw	lib48_direct.pin	PXD000759.mokapot.psms.txt	lib48_direct.pyascore.narrow.txt	lib48_direct.pyascore.wide.txt	Synthetic peptides analyzed with CID
lib49_direct	PXD000759	lib49_direct.raw	lib49_direct.pin	PXD000759.mokapot.psms.txt	lib49_direct.pyascore.narrow.txt	lib49_direct.pyascore.wide.txt	Synthetic peptides analyzed with CID
lib50_direct	PXD000759	lib50_direct.raw	lib50_direct.pin	PXD000759.mokapot.psms.txt	lib50_direct.pyascore.narrow.txt	lib50_direct.pyascore.wide.txt	Synthetic peptides analyzed with CID
lib51_direct	PXD000759	lib51_direct.raw	lib51_direct.pin	PXD000759.mokapot.psms.txt	lib51_direct.pyascore.narrow.txt	lib51_direct.pyascore.wide.txt	Synthetic peptides analyzed with CID
lib52_direct	PXD000759	lib52_direct.raw	lib52_direct.pin	PXD000759.mokapot.psms.txt	lib52_direct.pyascore.narrow.txt	lib52_direct.pyascore.wide.txt	Synthetic peptides analyzed with CID
lib53_direct	PXD000759	lib53_direct.raw	lib53_direct.pin	PXD000759.mokapot.psms.txt	lib53_direct.pyascore.narrow.txt	lib53_direct.pyascore.wide.txt	Synthetic peptides analyzed with CID
lib54_direct	PXD000759	lib54_direct.raw	lib54_direct.pin	PXD000759.mokapot.psms.txt	lib54_direct.pyascore.narrow.txt	lib54_direct.pyascore.wide.txt	Synthetic peptides analyzed with CID
lib55_direct	PXD000759	lib55_direct.raw	lib55_direct.pin	PXD000759.mokapot.psms.txt	lib55_direct.pyascore.narrow.txt	lib55_direct.pyascore.wide.txt	Synthetic peptides analyzed with CID
lib56_direct	PXD000759	lib56_direct.raw	lib56_direct.pin	PXD000759.mokapot.psms.txt	lib56_direct.pyascore.narrow.txt	lib56_direct.pyascore.wide.txt	Synthetic peptides analyzed with CID
lib57_direct	PXD000759	lib57_direct.raw	lib57_direct.pin	PXD000759.mokapot.psms.txt	lib57_direct.pyascore.narrow.txt	lib57_direct.pyascore.wide.txt	Synthetic peptides analyzed with CID
lib58_direct	PXD000759	lib58_direct.raw	lib58_direct.pin	PXD000759.mokapot.psms.txt	lib58_direct.pyascore.narrow.txt	lib58_direct.pyascore.wide.txt	Synthetic peptides analyzed with CID
lib59_direct	PXD000759	lib59_direct.raw	lib59_direct.pin	PXD000759.mokapot.psms.txt	lib59_direct.pyascore.narrow.txt	lib59_direct.pyascore.wide.txt	Synthetic peptides analyzed with CID
lib60_direct	PXD000759	lib60_direct.raw	lib60_direct.pin	PXD000759.mokapot.psms.txt	lib60_direct.pyascore.narrow.txt	lib60_direct.pyascore.wide.txt	Synthetic peptides analyzed with CID
lib61_direct	PXD000759	lib61_direct.raw	lib61_direct.pin	PXD000759.mokapot.psms.txt	lib61_direct.pyascore.narrow.txt	lib61_direct.pyascore.wide.txt	Synthetic peptides analyzed with CID
lib62_direct	PXD000759	lib62_direct.raw	lib62_direct.pin	PXD000759.mokapot.psms.txt	lib62_direct.pyascore.narrow.txt	lib62_direct.pyascore.wide.txt	Synthetic peptides analyzed with CID
lib63_direct	PXD000759	lib63_direct.raw	lib63_direct.pin	PXD000759.mokapot.psms.txt	lib63_direct.pyascore.narrow.txt	lib63_direct.pyascore.wide.txt	Synthetic peptides analyzed with CID
lib64_direct	PXD000759	lib64_direct.raw	lib64_direct.pin	PXD000759.mokapot.psms.txt	lib64_direct.pyascore.narrow.txt	lib64_direct.pyascore.wide.txt	Synthetic peptides analyzed with CID
lib65_direct	PXD000759	lib65_direct.raw	lib65_direct.pin	PXD000759.mokapot.psms.txt	lib65_direct.pyascore.narrow.txt	lib65_direct.pyascore.wide.txt	Synthetic peptides analyzed with CID
lib66_direct	PXD000759	lib66_direct.raw	lib66_direct.pin	PXD000759.mokapot.psms.txt	lib66_direct.pyascore.narrow.txt	lib66_direct.pyascore.wide.txt	Synthetic peptides analyzed with CID
lib67_direct	PXD000759	lib67_direct.raw	lib67_direct.pin	PXD000759.mokapot.psms.txt	lib67_direct.pyascore.narrow.txt	lib67_direct.pyascore.wide.txt	Synthetic peptides analyzed with CID
lib68_direct	PXD000759	lib68_direct.raw	lib68_direct.pin	PXD000759.mokapot.psms.txt	lib68_direct.pyascore.narrow.txt	lib68_direct.pyascore.wide.txt	Synthetic peptides analyzed with CID
lib69_direct	PXD000759	lib69_direct.raw	lib69_direct.pin	PXD000759.mokapot.psms.txt	lib69_direct.pyascore.narrow.txt	lib69_direct.pyascore.wide.txt	Synthetic peptides analyzed with CID
lib70_direct	PXD000759	lib70_direct.raw	lib70_direct.pin	PXD000759.mokapot.psms.txt	lib70_direct.pyascore.narrow.txt	lib70_direct.pyascore.wide.txt	Synthetic peptides analyzed with CID
lib71_direct	PXD000759	lib71_direct.raw	lib71_direct.pin	PXD000759.mokapot.psms.txt	lib71_direct.pyascore.narrow.txt	lib71_direct.pyascore.wide.txt	Synthetic peptides analyzed with CID
lib72_direct	PXD000759	lib72_direct.raw	lib72_direct.pin	PXD000759.mokapot.psms.txt	lib72_direct.pyascore.narrow.txt	lib72_direct.pyascore.wide.txt	Synthetic peptides analyzed with CID
lib73_direct	PXD000759	lib73_direct.raw	lib73_direct.pin	PXD000759.mokapot.psms.txt	lib73_direct.pyascore.narrow.txt	lib73_direct.pyascore.wide.txt	Synthetic peptides analyzed with CID
lib74_direct	PXD000759	lib74_direct.raw	lib74_direct.pin	PXD000759.mokapot.psms.txt	lib74_direct.pyascore.narrow.txt	lib74_direct.pyascore.wide.txt	Synthetic peptides analyzed with CID
lib75_direct	PXD000759	lib75_direct.raw	lib75_direct.pin	PXD000759.mokapot.psms.txt	lib75_direct.pyascore.narrow.txt	lib75_direct.pyascore.wide.txt	Synthetic peptides analyzed with CID
lib76_direct	PXD000759	lib76_direct.raw	lib76_direct.pin	PXD000759.mokapot.psms.txt	lib76_direct.pyascore.narrow.txt	lib76_direct.pyascore.wide.txt	Synthetic peptides analyzed with CID
lib77_direct	PXD000759	lib77_direct.raw	lib77_direct.pin	PXD000759.mokapot.psms.txt	lib77_direct.pyascore.narrow.txt	lib77_direct.pyascore.wide.txt	Synthetic peptides analyzed with CID
lib78_direct	PXD000759	lib78_direct.raw	lib78_direct.pin	PXD000759.mokapot.psms.txt	lib78_direct.pyascore.narrow.txt	lib78_direct.pyascore.wide.txt	Synthetic peptides analyzed with CID
lib79_direct	PXD000759	lib79_direct.raw	lib79_direct.pin	PXD000759.mokapot.psms.txt	lib79_direct.pyascore.narrow.txt	lib79_direct.pyascore.wide.txt	Synthetic peptides analyzed with CID
lib80_direct	PXD000759	lib80_direct.raw	lib80_direct.pin	PXD000759.mokapot.psms.txt	lib80_direct.pyascore.narrow.txt	lib80_direct.pyascore.wide.txt	Synthetic peptides analyzed with CID
lib81_direct	PXD000759	lib81_direct.raw	lib81_direct.pin	PXD000759.mokapot.psms.txt	lib81_direct.pyascore.narrow.txt	lib81_direct.pyascore.wide.txt	Synthetic peptides analyzed with CID
lib82_direct	PXD000759	lib82_direct.raw	lib82_direct.pin	PXD000759.mokapot.psms.txt	lib82_direct.pyascore.narrow.txt	lib82_direct.pyascore.wide.txt	Synthetic peptides analyzed with CID
lib83_direct	PXD000759	lib83_direct.raw	lib83_direct.pin	PXD000759.mokapot.psms.txt	lib83_direct.pyascore.narrow.txt	lib83_direct.pyascore.wide.txt	Synthetic peptides analyzed with CID
lib84_direct	PXD000759	lib84_direct.raw	lib84_direct.pin	PXD000759.mokapot.psms.txt	lib84_direct.pyascore.narrow.txt	lib84_direct.pyascore.wide.txt	Synthetic peptides analyzed with CID
lib85_direct	PXD000759	lib85_direct.raw	lib85_direct.pin	PXD000759.mokapot.psms.txt	lib85_direct.pyascore.narrow.txt	lib85_direct.pyascore.wide.txt	Synthetic peptides analyzed with CID
lib86_direct	PXD000759	lib86_direct.raw	lib86_direct.pin	PXD000759.mokapot.psms.txt	lib86_direct.pyascore.narrow.txt	lib86_direct.pyascore.wide.txt	Synthetic peptides analyzed with CID
lib87_direct	PXD000759	lib87_direct.raw	lib87_direct.pin	PXD000759.mokapot.psms.txt	lib87_direct.pyascore.narrow.txt	lib87_direct.pyascore.wide.txt	Synthetic peptides analyzed with CID
lib88_direct	PXD000759	lib88_direct.raw	lib88_direct.pin	PXD000759.mokapot.psms.txt	lib88_direct.pyascore.narrow.txt	lib88_direct.pyascore.wide.txt	Synthetic peptides analyzed with CID
lib89_direct	PXD000759	lib89_direct.raw	lib89_direct.pin	PXD000759.mokapot.psms.txt	lib89_direct.pyascore.narrow.txt	lib89_direct.pyascore.wide.txt	Synthetic peptides analyzed with CID
lib90_direct	PXD000759	lib90_direct.raw	lib90_direct.pin	PXD000759.mokapot.psms.txt	lib90_direct.pyascore.narrow.txt	lib90_direct.pyascore.wide.txt	Synthetic peptides analyzed with CID
lib91_direct	PXD000759	lib91_direct.raw	lib91_direct.pin	PXD000759.mokapot.psms.txt	lib91_direct.pyascore.narrow.txt	lib91_direct.pyascore.wide.txt	Synthetic peptides analyzed with CID
lib92_direct	PXD000759	lib92_direct.raw	lib92_direct.pin	PXD000759.mokapot.psms.txt	lib92_direct.pyascore.narrow.txt	lib92_direct.pyascore.wide.txt	Synthetic peptides analyzed with CID
lib93_direct	PXD000759	lib93_direct.raw	lib93_direct.pin	PXD000759.mokapot.psms.txt	lib93_direct.pyascore.narrow.txt	lib93_direct.pyascore.wide.txt	Synthetic peptides analyzed with CID
lib94_direct	PXD000759	lib94_direct.raw	lib94_direct.pin	PXD000759.mokapot.psms.txt	lib94_direct.pyascore.narrow.txt	lib94_direct.pyascore.wide.txt	Synthetic peptides analyzed with CID
lib95_direct	PXD000759	lib95_direct.raw	lib95_direct.pin	PXD000759.mokapot.psms.txt	lib95_direct.pyascore.narrow.txt	lib95_direct.pyascore.wide.txt	Synthetic peptides analyzed with CID
lib96_direct	PXD000759	lib96_direct.raw	lib96_direct.pin	PXD000759.mokapot.psms.txt	lib96_direct.pyascore.narrow.txt	lib96_direct.pyascore.wide.txt	Synthetic peptides analyzed with CID
