Library,Seed Peptide Sequence,Phosphosite Position,Length,GRAVY Score,Number of peptides in library
1,ALLSLRpSPK,7,9,0.177777777777777,2400
2,LVEQANpSPK,7,9,-0.777777777777777,2400
3,YRpSPYSGPK,3,9,-1.79999999999999,2400
4,LLLDDpSFETK,6,10,-0.17,2400
5,LPDLpSPVENK,5,10,-0.659999999999999,2400
6,QRPDLGpSAQK,7,10,-1.61,2400
7,IGEGpTYGVVYK,5,11,0.090909090909091,2400
8,pSPGHMVILDQTK,1,12,-0.266666666666666,120
9,RWNSDDLNApSPK,10,12,-1.74166666666666,2400
10,NSpSPGEASLLEK,3,12,-0.783333333333333,2400
11,LLSFpSPEEFPTLK,5,13,0.046153846153846,2400
12,AVLSDpSPQLSEGK,6,13,-0.4,2400
13,NSpSPAPPQPAPGK,3,13,-1.33076923076923,2400
14,ATPGNLGSSVLApSK,13,14,0.178571428571428,120
15,LMTGDTpYTAHAGAK,7,14,-0.264285714285714,2400
16,ISQDADLKpTPTKPK,9,14,-1.25,2400
17,LSEEAECPNPSpTPSK,12,15,-1.18,2400
18,DGQDAIAQpSPEKESK,9,15,-1.61999999999999,2400
19,QNpSLHGSFHSADVLK,3,15,-0.48,2400
20,PKIEDVGpSDEEDDSGK,8,16,-1.72499999999999,2400
21,IEVDEGFCpSPKPSEIK,9,16,-0.53125,2400
22,MEVpSPLQPVNENMQVNK,4,17,-0.717647058823529,2400
23,ApSPDQNASTHTPQSSVK,2,17,-1.24117647058823,2400
24,ELLpSPLSEPDDRYPLIVK,4,18,-0.344444444444444,2400
25,DKPTYDEIFYTLpSPVNGK,13,18,-0.827777777777777,2400
26,TDSREDEIpSPPPPNPVVK,9,18,-1.29444444444444,2400
27,pTWTLCGTPEYLAPEIILSK,1,19,0.268421052631578,120
28,QLMEQDASSpSPSAQVIGLK,10,19,-0.252631578947368,2400
29,NLIDSMDQSAFAGFpSFVNPK,15,20,0.03,2400
30,TIGGGDDpSFNTFFSETGAGK,8,20,-0.445,2400
31,EEPLpSEEEPCTSTAIASPEK,5,20,-0.955,2400
32,QQPQPSQTEpSPQEAQIIQAK,10,20,-1.49499999999999,2400
33,DDDDIDLFGpSDDEEESEEAK,10,20,-1.75,2400
34,VAApSPKSPTAALNESLVECPK,4,21,-0.023809523809524,2400
35,ELEEEEENpSDEDELDSHTMVK,9,21,-1.79523809523809,2400
36,HTTFEQPVFSVSKQpSPPISTSK,15,22,-0.631818181818181,2400
37,TAVQYIEpSSDSEEIETSELPQK,8,22,-0.936363636363636,2400
38,ALSSLHGDDQDpSEDEVLTIPEVK,12,23,-0.613043478260869,2400
39,pSLPEEDVAEIQHAEEFLIKPESK,1,23,-0.721739130434782,120
40,DITDPLSLNTCTDEGHVVLApSPLK,21,24,0.020833333333333,2400
41,MEDLDQSPLVSSSDpSPPRPQPAFK,15,24,-0.9625,2400
42,EAEEEpSSGGEEEDEDENIEVVYSK,6,24,-1.63333333333333,2400
43,AHpSPVAVQVPGMQNNIADPEELFTK,3,25,-0.292,2400
44,ALDISLpSSGEEDEGDEEDSTAGTTK,7,25,-1.04799999999999,2400
45,EEPDSENIPQELLSNLGHPEpSPPRK,21,25,-1.52,2400
46,MADHLEGLpSSDDEETSTDITNFNLEK,9,26,-0.946153846153845,2400
47,GVHIHQAGGpSPPASSTSSSSLTNDVAK,10,27,-0.374074074074074,2400
48,LVEDERSDREEpTESSEGEEAAAGGGAK,12,27,-1.38518518518518,2400
49,RQDEDYDEQVEEpSLQDEDDNDVYILTK,13,27,-1.77777777777777,2400
50,AYpTHQVVTR,3,9,-0.411111111111111,2400
51,SRNpSPLLER,4,9,-1.28888888888888,2400
52,NDpSWGSFDLR,3,10,-1.13,2400
53,AVCSTpYLQSR,6,10,0.07,2400
54,pSLESVLSLGPR,1,11,0.29090909090909,120
55,IVNHWApSPELR,7,11,-0.336363636363636,2400
56,GSTAENAEpYLR,9,11,-0.981818181818181,2400
57,pSDVEENNFEGR,1,11,-1.79090909090909,120
58,ApSGVQVADEVCR,2,12,0.208333333333333,2400
59,NpSPGSQVASNPR,2,12,-1.25,2400
60,MEISAELPQpTPQR,10,13,-0.861538461538461,2400
61,pYRSPEPDPYLSYR,1,13,-1.73076923076923,120
62,MEEIPAQEAAGpSPR,12,14,-0.792857142857142,2400
63,NNESQWKDpSPLATR,9,14,-1.79285714285714,2400
64,PVSVAGSPLpSPGPVR,10,15,0.273333333333333,2400
65,ALAMPGRPEpSPPVFR,10,15,-0.253333333333333,2400
66,QVAEQGGDLpSPAANR,10,15,-0.786666666666666,2400
67,ESSANNSVpSPSESLR,9,15,-1.00666666666666,2400
68,pSLVGTPYWMAPELISR,1,16,0.243749999999999,120
69,LPSTSDDCPAIGpTPLR,13,16,-0.20625,2400
70,pSPGSQAPDEGAGGALR,1,16,-0.7625,120
71,EEApSDDDMEGDEAVVR,4,16,-1.2375,2400
72,LQPQEIpSPPPTANLDR,7,16,-1,2400
73,QICLVMLETLSQpSPQGR,13,17,0.1,2400
74,WLDDLLApSPPPSGGGAR,8,17,-0.294117647058823,2400
75,DKpSPVREPIDNLTPEER,3,17,-1.62941176470588,2400
76,ApYSFCGTVEYMAPEVVNR,2,18,0.127777777777777,2400
77,DFQDYMEPEEGCQGpSPQR,15,18,-1.74444444444444,2400
78,VASEAPLEHKPQVEASpSPR,17,19,-0.8,2400
79,LQQQHSEQPPLQPpSPVMTR,14,19,-1.24736842105263,2400
80,AEENTDQApSPQEDYAGFER,9,19,-1.71578947368421,2400
81,pSVEDDEEGHLICQSGDVLSAR,1,21,-0.504761904761904,120
82,pSVEDDAEGHLIYHVGDWLQER,1,21,-0.804761904761904,120
83,DQQNLPYGVTPApSPSGHSQGR,13,21,-1.22857142857142,2400
84,FGQAATMEGIGAIGGpTPPAFNR,16,22,0.095454545454545,2400
85,GVDFEpSSEDDDDDPFMNTSSLR,6,22,-1.2,2400
86,EPVADEEEEDpSDDDVEPITEFR,11,22,-1.53181818181818,2400
87,LLKEGEEPTVYpSDEEEPKDESAR,12,23,-1.62608695652173,2400
88,QRpSPAPGSPDEEGGAEAPAAGIR,3,23,-0.982608695652173,2400
89,VADAKGDpSESEEDEDLEVPVPSR,8,23,-1.12608695652173,2400
90,ELEAIFGRPVVDGEEGEPHSIpSPR,22,24,-0.625,2400
91,pSPDVISSASTALSQDIPEIASEALSR,1,26,0.038461538461538,120
92,QRpSPLLNQPVPELSHASLIANQSPFR,3,26,-0.48076923076923,2400
93,ADAPDAGAQpSDSELPSYHQNDVSLDR,10,26,-1.08846153846153,2400
94,GREDVSNFDDEFTSEAPILpTPPREPR,20,26,-1.2076923076923,2400
95,ELSPLISLPpSPVPPLSPIHSNQQTLPR,10,27,-0.2,2400
96,YQDEVFGGFVTEPQEEpSEEEVEEPEER,17,27,-1.55925925925925,2400
